[   16.308227] type=1400 audit(1780147487.546:1975): avc: denied { open } for comm="recovery" path="/dev/__properties__/u:object_r:zram_control_prop:s0" dev="tmpfs" ino=274 scontext=u:r:recovery:s0 tcontext=u:object_r:zram_control_prop:s0 tclass=file permissive=1
[   16.308252] type=1400 audit(1780147487.546:1976): avc: denied { getattr } for comm="recovery" path="/dev/__properties__/u:object_r:zram_control_prop:s0" dev="tmpfs" ino=274 scontext=u:r:recovery:s0 tcontext=u:object_r:zram_control_prop:s0 tclass=file permissive=1
[   16.308277] type=1400 audit(1780147487.546:1977): avc: denied { map } for comm="recovery" path="/dev/__properties__/u:object_r:zram_control_prop:s0" dev="tmpfs" ino=274 scontext=u:r:recovery:s0 tcontext=u:object_r:zram_control_prop:s0 tclass=file permissive=1
[   16.308304] type=1400 audit(1780147487.546:1978): avc: denied { write } for comm="recovery" name="u:object_r:build_prop:s0" dev="tmpfs" ino=65 scontext=u:r:recovery:s0 tcontext=u:object_r:build_prop:s0 tclass=file permissive=1
[   16.308330] type=1400 audit(1780147487.546:1979): avc: denied { write } for comm="recovery" name="u:object_r:build_bootimage_prop:s0" dev="tmpfs" ino=62 scontext=u:r:recovery:s0 tcontext=u:object_r:build_bootimage_prop:s0 tclass=file permissive=1
[   16.308355] type=1400 audit(1780147487.546:1980): avc: denied { write } for comm="recovery" name="u:object_r:build_vendor_prop:s0" dev="tmpfs" ino=66 scontext=u:r:recovery:s0 tcontext=u:object_r:build_vendor_prop:s0 tclass=file permissive=1
[   16.308381] type=1400 audit(1780147487.546:1981): avc: denied { write } for comm="recovery" name="u:object_r:build_odm_prop:s0" dev="tmpfs" ino=64 scontext=u:r:recovery:s0 tcontext=u:object_r:build_odm_prop:s0 tclass=file permissive=1
[   16.308407] type=1400 audit(1780147487.546:1982): avc: denied { ioctl } for comm="recovery" path="/dev/block/dm-1" dev="tmpfs" ino=931 ioctlcmd=0x5331 scontext=u:r:recovery:s0 tcontext=u:object_r:dm_device:s0 tclass=blk_file permissive=1
[   16.308435] type=1400 audit(1780147487.546:1983): avc: denied { sys_rawio } for comm="recovery" capability=17 scontext=u:r:recovery:s0 tcontext=u:r:recovery:s0 tclass=capability permissive=1
[   16.310472] erofs: (device dm-1): mounted with root inode @ nid 59.
[   16.311578] type=1400 audit(1780147487.554:1984): avc: denied { ioctl } for comm="recovery" path="/dev/block/dm-1" dev="tmpfs" ino=931 ioctlcmd=0x5331 scontext=u:r:recovery:s0 tcontext=u:object_r:dm_device:s0 tclass=blk_file permissive=1
[   16.318802] erofs: (device dm-1): mounted with root inode @ nid 59.
[   16.319707] type=1400 audit(1780147487.562:1985): avc: denied { search } for comm="recovery" name="keystore" dev="dm-7" ino=25 scontext=u:r:recovery:s0 tcontext=u:object_r:keystore_data_file:s0 tclass=dir permissive=1
[   16.319748] type=1400 audit(1780147487.562:1986): avc: denied { read } for comm="recovery" name="persistent.sqlite" dev="dm-7" ino=26 scontext=u:r:recovery:s0 tcontext=u:object_r:keystore_data_file:s0 tclass=file permissive=1
[   16.319777] type=1400 audit(1780147487.562:1987): avc: denied { open } for comm="recovery" path="/data/misc/keystore/persistent.sqlite" dev="dm-7" ino=26 scontext=u:r:recovery:s0 tcontext=u:object_r:keystore_data_file:s0 tclass=file permissive=1
[   16.319805] type=1400 audit(1780147487.562:1988): avc: denied { getattr } for comm="recovery" path="/data/misc/keystore/persistent.sqlite" dev="dm-7" ino=26 scontext=u:r:recovery:s0 tcontext=u:object_r:keystore_data_file:s0 tclass=file permissive=1
[   16.320378] type=1400 audit(1780147487.562:1989): avc: denied { ioctl } for comm="recovery" path="/dev/block/dm-1" dev="tmpfs" ino=931 ioctlcmd=0x5331 scontext=u:r:recovery:s0 tcontext=u:object_r:dm_device:s0 tclass=blk_file permissive=1
[   16.327492] erofs: (device dm-1): mounted with root inode @ nid 59.
[   16.327800] type=1400 audit(1780147487.570:1990): avc: denied { ioctl } for comm="recovery" path="/dev/block/dm-4" dev="tmpfs" ino=940 ioctlcmd=0x5331 scontext=u:r:recovery:s0 tcontext=u:object_r:dm_device:s0 tclass=blk_file permissive=1
[   16.334586] erofs: (device dm-4): mounted with root inode @ nid 42.
[   16.334871] type=1400 audit(1780147487.578:1991): avc: denied { ioctl } for comm="recovery" path="/dev/block/dm-0" dev="tmpfs" ino=926 ioctlcmd=0x5331 scontext=u:r:recovery:s0 tcontext=u:object_r:dm_device:s0 tclass=blk_file permissive=1
[   16.341528] erofs: (device dm-0): mounted with root inode @ nid 40.
[   16.341790] type=1400 audit(1780147487.586:1992): avc: denied { ioctl } for comm="recovery" path="/dev/block/dm-5" dev="tmpfs" ino=943 ioctlcmd=0x5331 scontext=u:r:recovery:s0 tcontext=u:object_r:dm_device:s0 tclass=blk_file permissive=1
[   16.348957] erofs: (device dm-5): mounted with root inode @ nid 54.
[   16.349217] type=1400 audit(1780147487.594:1993): avc: denied { ioctl } for comm="recovery" path="/dev/block/dm-6" dev="tmpfs" ino=947 ioctlcmd=0x5331 scontext=u:r:recovery:s0 tcontext=u:object_r:dm_device:s0 tclass=blk_file permissive=1
[   16.353923] erofs: (device dm-6): mounted with root inode @ nid 39.
[   16.354657] type=1400 audit(1780147487.598:1994): avc: denied { read } for comm="recovery" name="/" dev="dm-7" ino=3 scontext=u:r:recovery:s0 tcontext=u:object_r:system_data_root_file:s0 tclass=dir permissive=1
[   16.354695] type=1400 audit(1780147487.598:1995): avc: denied { open } for comm="recovery" path="/data" dev="dm-7" ino=3 scontext=u:r:recovery:s0 tcontext=u:object_r:system_data_root_file:s0 tclass=dir permissive=1
[   16.354725] type=1400 audit(1780147487.598:1996): avc: denied { getattr } for comm="recovery" path="/data/unencrypted" dev="dm-7" ino=8 scontext=u:r:recovery:s0 tcontext=u:object_r:unencrypted_data_file:s0 tclass=dir permissive=1
[   16.354987] type=1400 audit(1780147487.598:1997): avc: denied { getattr } for comm="recovery" path="/data/vendor/misc/cutback/cutback_ipc" dev="dm-7" ino=87866 scontext=u:r:recovery:s0 tcontext=u:object_r:unlabeled:s0 tclass=sock_file permissive=1 trawcon="u:object_r:cutback_socket:s0"
[   16.355528] type=1400 audit(1780147487.598:1998): avc: denied { getattr } for comm="recovery" path="/data/vendor/wifi/wpa/sockets/wpa_ctrl_1960-7" dev="dm-7" ino=12857 scontext=u:r:recovery:s0 tcontext=u:object_r:wpa_data_file:s0 tclass=sock_file permissive=1
[   16.355651] type=1400 audit(1780147487.598:1999): avc: denied { getattr } for comm="recovery" path="/data/vendor/wifi/wpa/wpa_supplicant.conf" dev="dm-7" ino=7808 scontext=u:r:recovery:s0 tcontext=u:object_r:wpa_data_file:s0 tclass=file permissive=1
[   16.357036] type=1400 audit(1780147487.602:2000): avc: denied { getattr } for comm="recovery" path="/data/vendor/tlpd/tlpd_ctrl" dev="dm-7" ino=567 scontext=u:r:recovery:s0 tcontext=u:object_r:unlabeled:s0 tclass=fifo_file permissive=1 trawcon="u:object_r:vendor_tlpd_data_file:s0"
[   16.357206] type=1400 audit(1780147487.602:2001): avc: denied { getattr } for comm="recovery" path="/data/anr" dev="dm-7" ino=20 scontext=u:r:recovery:s0 tcontext=u:object_r:anr_data_file:s0 tclass=dir permissive=1
[   16.357236] type=1400 audit(1780147487.602:2002): avc: denied { read } for comm="recovery" name="anr" dev="dm-7" ino=20 scontext=u:r:recovery:s0 tcontext=u:object_r:anr_data_file:s0 tclass=dir permissive=1
[   16.357263] type=1400 audit(1780147487.602:2003): avc: denied { open } for comm="recovery" path="/data/anr" dev="dm-7" ino=20 scontext=u:r:recovery:s0 tcontext=u:object_r:anr_data_file:s0 tclass=dir permissive=1
[   16.357290] type=1400 audit(1780147487.602:2004): avc: denied { search } for comm="recovery" name="anr" dev="dm-7" ino=20 scontext=u:r:recovery:s0 tcontext=u:object_r:anr_data_file:s0 tclass=dir permissive=1
[   16.357317] type=1400 audit(1780147487.602:2005): avc: denied { getattr } for comm="recovery" path="/data/tombstones" dev="dm-7" ino=21 scontext=u:r:recovery:s0 tcontext=u:object_r:tombstone_data_file:s0 tclass=dir permissive=1
[   16.357344] type=1400 audit(1780147487.602:2006): avc: denied { read } for comm="recovery" name="tombstones" dev="dm-7" ino=21 scontext=u:r:recovery:s0 tcontext=u:object_r:tombstone_data_file:s0 tclass=dir permissive=1
[   16.357369] type=1400 audit(1780147487.602:2007): avc: denied { open } for comm="recovery" path="/data/tombstones" dev="dm-7" ino=21 scontext=u:r:recovery:s0 tcontext=u:object_r:tombstone_data_file:s0 tclass=dir permissive=1
[   16.357395] type=1400 audit(1780147487.602:2008): avc: denied { search } for comm="recovery" name="tombstones" dev="dm-7" ino=21 scontext=u:r:recovery:s0 tcontext=u:object_r:tombstone_data_file:s0 tclass=dir permissive=1
[   16.357421] type=1400 audit(1780147487.602:2009): avc: denied { getattr } for comm="recovery" path="/data/misc/recovery" dev="dm-7" ino=39 scontext=u:r:recovery:s0 tcontext=u:object_r:recovery_data_file:s0 tclass=dir permissive=1
[   16.357447] type=1400 audit(1780147487.602:2010): avc: denied { read } for comm="recovery" name="recovery" dev="dm-7" ino=39 scontext=u:r:recovery:s0 tcontext=u:object_r:recovery_data_file:s0 tclass=dir permissive=1
[   16.357472] type=1400 audit(1780147487.602:2011): avc: denied { open } for comm="recovery" path="/data/misc/recovery" dev="dm-7" ino=39 scontext=u:r:recovery:s0 tcontext=u:object_r:recovery_data_file:s0 tclass=dir permissive=1
[   16.357498] type=1400 audit(1780147487.602:2012): avc: denied { search } for comm="recovery" name="recovery" dev="dm-7" ino=39 scontext=u:r:recovery:s0 tcontext=u:object_r:recovery_data_file:s0 tclass=dir permissive=1
[   16.357523] type=1400 audit(1780147487.602:2013): avc: denied { getattr } for comm="recovery" path="/data/misc/recovery/ro.build.fingerprint" dev="dm-7" ino=40 scontext=u:r:recovery:s0 tcontext=u:object_r:recovery_data_file:s0 tclass=file permissive=1
[   16.357549] type=1400 audit(1780147487.602:2014): avc: denied { getattr } for comm="recovery" path="/data/misc/bluetooth/logs" dev="dm-7" ino=45 scontext=u:r:recovery:s0 tcontext=u:object_r:bluetooth_logs_data_file:s0 tclass=dir permissive=1
[   16.357574] type=1400 audit(1780147487.602:2015): avc: denied { read } for comm="recovery" name="logs" dev="dm-7" ino=45 scontext=u:r:recovery:s0 tcontext=u:object_r:bluetooth_logs_data_file:s0 tclass=dir permissive=1
[   16.357599] type=1400 audit(1780147487.602:2016): avc: denied { open } for comm="recovery" path="/data/misc/bluetooth/logs" dev="dm-7" ino=45 scontext=u:r:recovery:s0 tcontext=u:object_r:bluetooth_logs_data_file:s0 tclass=dir permissive=1
[   16.357625] type=1400 audit(1780147487.602:2017): avc: denied { search } for comm="recovery" name="logs" dev="dm-7" ino=45 scontext=u:r:recovery:s0 tcontext=u:object_r:bluetooth_logs_data_file:s0 tclass=dir permissive=1
[   16.357650] type=1400 audit(1780147487.602:2018): avc: denied { getattr } for comm="recovery" path="/data/misc/nfc/logs" dev="dm-7" ino=47 scontext=u:r:recovery:s0 tcontext=u:object_r:nfc_logs_data_file:s0 tclass=dir permissive=1
[   16.357675] type=1400 audit(1780147487.602:2019): avc: denied { read } for comm="recovery" name="logs" dev="dm-7" ino=47 scontext=u:r:recovery:s0 tcontext=u:object_r:nfc_logs_data_file:s0 tclass=dir permissive=1
[   16.357699] type=1400 audit(1780147487.602:2020): avc: denied { open } for comm="recovery" path="/data/misc/nfc/logs" dev="dm-7" ino=47 scontext=u:r:recovery:s0 tcontext=u:object_r:nfc_logs_data_file:s0 tclass=dir permissive=1
[   16.357723] type=1400 audit(1780147487.602:2021): avc: denied { search } for comm="recovery" name="logs" dev="dm-7" ino=47 scontext=u:r:recovery:s0 tcontext=u:object_r:nfc_logs_data_file:s0 tclass=dir permissive=1
[   16.357748] type=1400 audit(1780147487.602:2022): avc: denied { getattr } for comm="recovery" path="/data/misc/gatekeeper" dev="dm-7" ino=49 scontext=u:r:recovery:s0 tcontext=u:object_r:gatekeeper_data_file:s0 tclass=dir permissive=1
[   16.357774] type=1400 audit(1780147487.602:2023): avc: denied { getattr } for comm="recovery" path="/data/misc/keychain" dev="dm-7" ino=50 scontext=u:r:recovery:s0 tcontext=u:object_r:keychain_data_file:s0 tclass=dir permissive=1
[   16.357799] type=1400 audit(1780147487.602:2024): avc: denied { read } for comm="recovery" name="keychain" dev="dm-7" ino=50 scontext=u:r:recovery:s0 tcontext=u:object_r:keychain_data_file:s0 tclass=dir permissive=1
[   16.357823] type=1400 audit(1780147487.602:2025): avc: denied { open } for comm="recovery" path="/data/misc/keychain" dev="dm-7" ino=50 scontext=u:r:recovery:s0 tcontext=u:object_r:keychain_data_file:s0 tclass=dir permissive=1
[   16.357848] type=1400 audit(1780147487.602:2026): avc: denied { search } for comm="recovery" name="keychain" dev="dm-7" ino=50 scontext=u:r:recovery:s0 tcontext=u:object_r:keychain_data_file:s0 tclass=dir permissive=1
[   16.357873] type=1400 audit(1780147487.602:2027): avc: denied { getattr } for comm="recovery" path="/data/misc/net" dev="dm-7" ino=51 scontext=u:r:recovery:s0 tcontext=u:object_r:net_data_file:s0 tclass=dir permissive=1
[   16.357898] type=1400 audit(1780147487.602:2028): avc: denied { read } for comm="recovery" name="net" dev="dm-7" ino=51 scontext=u:r:recovery:s0 tcontext=u:object_r:net_data_file:s0 tclass=dir permissive=1
[   16.357922] type=1400 audit(1780147487.602:2029): avc: denied { open } for comm="recovery" path="/data/misc/net" dev="dm-7" ino=51 scontext=u:r:recovery:s0 tcontext=u:object_r:net_data_file:s0 tclass=dir permissive=1
[   16.357947] type=1400 audit(1780147487.602:2030): avc: denied { search } for comm="recovery" name="net" dev="dm-7" ino=51 scontext=u:r:recovery:s0 tcontext=u:object_r:net_data_file:s0 tclass=dir permissive=1
[   16.357972] type=1400 audit(1780147487.602:2031): avc: denied { getattr } for comm="recovery" path="/data/misc/radio" dev="dm-7" ino=52 scontext=u:r:recovery:s0 tcontext=u:object_r:radio_core_data_file:s0 tclass=dir permissive=1
[   16.357997] type=1400 audit(1780147487.602:2032): avc: denied { read } for comm="recovery" name="radio" dev="dm-7" ino=52 scontext=u:r:recovery:s0 tcontext=u:object_r:radio_core_data_file:s0 tclass=dir permissive=1
[   16.358022] type=1400 audit(1780147487.602:2033): avc: denied { open } for comm="recovery" path="/data/misc/radio" dev="dm-7" ino=52 scontext=u:r:recovery:s0 tcontext=u:object_r:radio_core_data_file:s0 tclass=dir permissive=1
[   16.358047] type=1400 audit(1780147487.602:2034): avc: denied { search } for comm="recovery" name="radio" dev="dm-7" ino=52 scontext=u:r:recovery:s0 tcontext=u:object_r:radio_core_data_file:s0 tclass=dir permissive=1
[   16.358073] type=1400 audit(1780147487.602:2035): avc: denied { getattr } for comm="recovery" path="/data/misc/sms" dev="dm-7" ino=53 scontext=u:r:recovery:s0 tcontext=u:object_r:radio_data_file:s0 tclass=dir permissive=1
[   16.358097] type=1400 audit(1780147487.602:2036): avc: denied { read } for comm="recovery" name="sms" dev="dm-7" ino=53 scontext=u:r:recovery:s0 tcontext=u:object_r:radio_data_file:s0 tclass=dir permissive=1
[   16.358122] type=1400 audit(1780147487.602:2037): avc: denied { open } for comm="recovery" path="/data/misc/sms" dev="dm-7" ino=53 scontext=u:r:recovery:s0 tcontext=u:object_r:radio_data_file:s0 tclass=dir permissive=1
[   16.358147] type=1400 audit(1780147487.602:2038): avc: denied { search } for comm="recovery" name="sms" dev="dm-7" ino=53 scontext=u:r:recovery:s0 tcontext=u:object_r:radio_data_file:s0 tclass=dir permissive=1
[   16.358173] type=1400 audit(1780147487.602:2039): avc: denied { getattr } for comm="recovery" path="/data/misc/emergencynumberdb" dev="dm-7" ino=56 scontext=u:r:recovery:s0 tcontext=u:object_r:emergency_data_file:s0 tclass=dir permissive=1
[   16.358198] type=1400 audit(1780147487.602:2040): avc: denied { read } for comm="recovery" name="emergencynumberdb" dev="dm-7" ino=56 scontext=u:r:recovery:s0 tcontext=u:object_r:emergency_data_file:s0 tclass=dir permissive=1
[   16.358222] type=1400 audit(1780147487.602:2041): avc: denied { open } for comm="recovery" path="/data/misc/emergencynumberdb" dev="dm-7" ino=56 scontext=u:r:recovery:s0 tcontext=u:object_r:emergency_data_file:s0 tclass=dir permissive=1
[   16.358248] type=1400 audit(1780147487.602:2042): avc: denied { search } for comm="recovery" name="emergencynumberdb" dev="dm-7" ino=56 scontext=u:r:recovery:s0 tcontext=u:object_r:emergency_data_file:s0 tclass=dir permissive=1
[   16.358273] type=1400 audit(1780147487.602:2043): avc: denied { getattr } for comm="recovery" path="/data/misc/network_watchlist" dev="dm-7" ino=57 scontext=u:r:recovery:s0 tcontext=u:object_r:network_watchlist_data_file:s0 tclass=dir permissive=1
[   16.358299] type=1400 audit(1780147487.602:2044): avc: denied { read } for comm="recovery" name="network_watchlist" dev="dm-7" ino=57 scontext=u:r:recovery:s0 tcontext=u:object_r:network_watchlist_data_file:s0 tclass=dir permissive=1
[   16.358324] type=1400 audit(1780147487.602:2045): avc: denied { open } for comm="recovery" path="/data/misc/network_watchlist" dev="dm-7" ino=57 scontext=u:r:recovery:s0 tcontext=u:object_r:network_watchlist_data_file:s0 tclass=dir permissive=1
[   16.358349] type=1400 audit(1780147487.602:2046): avc: denied { search } for comm="recovery" name="network_watchlist" dev="dm-7" ino=57 scontext=u:r:recovery:s0 tcontext=u:object_r:network_watchlist_data_file:s0 tclass=dir permissive=1
[   16.358378] type=1400 audit(1780147487.602:2047): avc: denied { getattr } for comm="recovery" path="/data/misc/textclassifier" dev="dm-7" ino=59 scontext=u:r:recovery:s0 tcontext=u:object_r:textclassifier_data_file:s0 tclass=dir permissive=1
[   16.358403] type=1400 audit(1780147487.602:2048): avc: denied { read } for comm="recovery" name="textclassifier" dev="dm-7" ino=59 scontext=u:r:recovery:s0 tcontext=u:object_r:textclassifier_data_file:s0 tclass=dir permissive=1
[   16.358428] type=1400 audit(1780147487.602:2049): avc: denied { open } for comm="recovery" path="/data/misc/textclassifier" dev="dm-7" ino=59 scontext=u:r:recovery:s0 tcontext=u:object_r:textclassifier_data_file:s0 tclass=dir permissive=1
[   16.358453] type=1400 audit(1780147487.602:2050): avc: denied { search } for comm="recovery" name="textclassifier" dev="dm-7" ino=59 scontext=u:r:recovery:s0 tcontext=u:object_r:textclassifier_data_file:s0 tclass=dir permissive=1
[   16.358479] type=1400 audit(1780147487.602:2051): avc: denied { getattr } for comm="recovery" path="/data/misc/vpn" dev="dm-7" ino=60 scontext=u:r:recovery:s0 tcontext=u:object_r:vpn_data_file:s0 tclass=dir permissive=1
[   16.358504] type=1400 audit(1780147487.602:2052): avc: denied { read } for comm="recovery" name="vpn" dev="dm-7" ino=60 scontext=u:r:recovery:s0 tcontext=u:object_r:vpn_data_file:s0 tclass=dir permissive=1
[   16.358529] type=1400 audit(1780147487.602:2053): avc: denied { open } for comm="recovery" path="/data/misc/vpn" dev="dm-7" ino=60 scontext=u:r:recovery:s0 tcontext=u:object_r:vpn_data_file:s0 tclass=dir permissive=1
[   16.358553] type=1400 audit(1780147487.602:2054): avc: denied { search } for comm="recovery" name="vpn" dev="dm-7" ino=60 scontext=u:r:recovery:s0 tcontext=u:object_r:vpn_data_file:s0 tclass=dir permissive=1
[   16.358580] type=1400 audit(1780147487.602:2055): avc: denied { getattr } for comm="recovery" path="/data/misc/shared_relro" dev="dm-7" ino=61 scontext=u:r:recovery:s0 tcontext=u:object_r:shared_relro_file:s0 tclass=dir permissive=1
[   16.358604] type=1400 audit(1780147487.602:2056): avc: denied { read } for comm="recovery" name="shared_relro" dev="dm-7" ino=61 scontext=u:r:recovery:s0 tcontext=u:object_r:shared_relro_file:s0 tclass=dir permissive=1
[   16.358629] type=1400 audit(1780147487.602:2057): avc: denied { open } for comm="recovery" path="/data/misc/shared_relro" dev="dm-7" ino=61 scontext=u:r:recovery:s0 tcontext=u:object_r:shared_relro_file:s0 tclass=dir permissive=1
[   16.358655] type=1400 audit(1780147487.602:2058): avc: denied { search } for comm="recovery" name="shared_relro" dev="dm-7" ino=61 scontext=u:r:recovery:s0 tcontext=u:object_r:shared_relro_file:s0 tclass=dir permissive=1
[   16.358679] type=1400 audit(1780147487.602:2059): avc: denied { getattr } for comm="recovery" path="/data/misc/wifi" dev="dm-7" ino=63 scontext=u:r:recovery:s0 tcontext=u:object_r:wifi_data_file:s0 tclass=dir permissive=1
[   16.358704] type=1400 audit(1780147487.602:2060): avc: denied { read } for comm="recovery" name="wifi" dev="dm-7" ino=63 scontext=u:r:recovery:s0 tcontext=u:object_r:wifi_data_file:s0 tclass=dir permissive=1
[   16.358728] type=1400 audit(1780147487.602:2061): avc: denied { open } for comm="recovery" path="/data/misc/wifi" dev="dm-7" ino=63 scontext=u:r:recovery:s0 tcontext=u:object_r:wifi_data_file:s0 tclass=dir permissive=1
[   16.358756] type=1400 audit(1780147487.602:2062): avc: denied { search } for comm="recovery" name="wifi" dev="dm-7" ino=63 scontext=u:r:recovery:s0 tcontext=u:object_r:wifi_data_file:s0 tclass=dir permissive=1
[   16.358781] type=1400 audit(1780147487.602:2063): avc: denied { getattr } for comm="recovery" path="/data/misc/wifi/sockets" dev="dm-7" ino=64 scontext=u:r:recovery:s0 tcontext=u:object_r:wpa_socket:s0 tclass=dir permissive=1
[   16.358806] type=1400 audit(1780147487.602:2064): avc: denied { read } for comm="recovery" name="sockets" dev="dm-7" ino=64 scontext=u:r:recovery:s0 tcontext=u:object_r:wpa_socket:s0 tclass=dir permissive=1
[   16.358831] type=1400 audit(1780147487.602:2065): avc: denied { open } for comm="recovery" path="/data/misc/wifi/sockets" dev="dm-7" ino=64 scontext=u:r:recovery:s0 tcontext=u:object_r:wpa_socket:s0 tclass=dir permissive=1
[   16.358856] type=1400 audit(1780147487.602:2066): avc: denied { search } for comm="recovery" name="sockets" dev="dm-7" ino=64 scontext=u:r:recovery:s0 tcontext=u:object_r:wpa_socket:s0 tclass=dir permissive=1
[   16.358880] type=1400 audit(1780147487.602:2067): avc: denied { getattr } for comm="recovery" path="/data/misc/dhcp" dev="dm-7" ino=67 scontext=u:r:recovery:s0 tcontext=u:object_r:dhcp_data_file:s0 tclass=dir permissive=1
[   16.358905] type=1400 audit(1780147487.602:2068): avc: denied { read } for comm="recovery" name="dhcp" dev="dm-7" ino=67 scontext=u:r:recovery:s0 tcontext=u:object_r:dhcp_data_file:s0 tclass=dir permissive=1
[   16.358931] type=1400 audit(1780147487.602:2069): avc: denied { open } for comm="recovery" path="/data/misc/dhcp" dev="dm-7" ino=67 scontext=u:r:recovery:s0 tcontext=u:object_r:dhcp_data_file:s0 tclass=dir permissive=1
[   16.358955] type=1400 audit(1780147487.602:2070): avc: denied { search } for comm="recovery" name="dhcp" dev="dm-7" ino=67 scontext=u:r:recovery:s0 tcontext=u:object_r:dhcp_data_file:s0 tclass=dir permissive=1
[   16.358980] type=1400 audit(1780147487.602:2071): avc: denied { getattr } for comm="recovery" path="/data/misc/user" dev="dm-7" ino=68 scontext=u:r:recovery:s0 tcontext=u:object_r:misc_user_data_file:s0 tclass=dir permissive=1
[   16.359005] type=1400 audit(1780147487.602:2072): avc: denied { read } for comm="recovery" name="user" dev="dm-7" ino=68 scontext=u:r:recovery:s0 tcontext=u:object_r:misc_user_data_file:s0 tclass=dir permissive=1
[   16.359030] type=1400 audit(1780147487.602:2073): avc: denied { open } for comm="recovery" path="/data/misc/user" dev="dm-7" ino=68 scontext=u:r:recovery:s0 tcontext=u:object_r:misc_user_data_file:s0 tclass=dir permissive=1
[   16.359054] type=1400 audit(1780147487.602:2074): avc: denied { search } for comm="recovery" name="user" dev="dm-7" ino=68 scontext=u:r:recovery:s0 tcontext=u:object_r:misc_user_data_file:s0 tclass=dir permissive=1
[   16.359078] type=1400 audit(1780147487.602:2075): avc: denied { getattr } for comm="recovery" path="/data/misc/media" dev="dm-7" ino=70 scontext=u:r:recovery:s0 tcontext=u:object_r:media_data_file:s0 tclass=dir permissive=1
[   16.359104] type=1400 audit(1780147487.602:2076): avc: denied { read } for comm="recovery" name="media" dev="dm-7" ino=70 scontext=u:r:recovery:s0 tcontext=u:object_r:media_data_file:s0 tclass=dir permissive=1
[   16.359128] type=1400 audit(1780147487.602:2077): avc: denied { open } for comm="recovery" path="/data/misc/media" dev="dm-7" ino=70 scontext=u:r:recovery:s0 tcontext=u:object_r:media_data_file:s0 tclass=dir permissive=1
[   16.359152] type=1400 audit(1780147487.602:2078): avc: denied { search } for comm="recovery" name="media" dev="dm-7" ino=70 scontext=u:r:recovery:s0 tcontext=u:object_r:media_data_file:s0 tclass=dir permissive=1
[   16.359177] type=1400 audit(1780147487.602:2079): avc: denied { getattr } for comm="recovery" path="/data/misc/audioserver" dev="dm-7" ino=71 scontext=u:r:recovery:s0 tcontext=u:object_r:audioserver_data_file:s0 tclass=dir permissive=1
[   16.359203] type=1400 audit(1780147487.602:2080): avc: denied { read } for comm="recovery" name="audioserver" dev="dm-7" ino=71 scontext=u:r:recovery:s0 tcontext=u:object_r:audioserver_data_file:s0 tclass=dir permissive=1
[   16.359228] type=1400 audit(1780147487.602:2081): avc: denied { open } for comm="recovery" path="/data/misc/audioserver" dev="dm-7" ino=71 scontext=u:r:recovery:s0 tcontext=u:object_r:audioserver_data_file:s0 tclass=dir permissive=1
[   16.359252] type=1400 audit(1780147487.602:2082): avc: denied { search } for comm="recovery" name="audioserver" dev="dm-7" ino=71 scontext=u:r:recovery:s0 tcontext=u:object_r:audioserver_data_file:s0 tclass=dir permissive=1
[   16.359278] type=1400 audit(1780147487.602:2083): avc: denied { getattr } for comm="recovery" path="/data/misc/boottrace" dev="dm-7" ino=74 scontext=u:r:recovery:s0 tcontext=u:object_r:boottrace_data_file:s0 tclass=dir permissive=1
[   16.359303] type=1400 audit(1780147487.602:2084): avc: denied { read } for comm="recovery" name="boottrace" dev="dm-7" ino=74 scontext=u:r:recovery:s0 tcontext=u:object_r:boottrace_data_file:s0 tclass=dir permissive=1
[   16.359328] type=1400 audit(1780147487.602:2085): avc: denied { open } for comm="recovery" path="/data/misc/boottrace" dev="dm-7" ino=74 scontext=u:r:recovery:s0 tcontext=u:object_r:boottrace_data_file:s0 tclass=dir permissive=1
[   16.359352] type=1400 audit(1780147487.602:2086): avc: denied { search } for comm="recovery" name="boottrace" dev="dm-7" ino=74 scontext=u:r:recovery:s0 tcontext=u:object_r:boottrace_data_file:s0 tclass=dir permissive=1
[   16.359379] type=1400 audit(1780147487.602:2087): avc: denied { getattr } for comm="recovery" path="/data/misc/update_engine" dev="dm-7" ino=75 scontext=u:r:recovery:s0 tcontext=u:object_r:update_engine_data_file:s0 tclass=dir permissive=1
[   16.359404] type=1400 audit(1780147487.602:2088): avc: denied { read } for comm="recovery" name="update_engine" dev="dm-7" ino=75 scontext=u:r:recovery:s0 tcontext=u:object_r:update_engine_data_file:s0 tclass=dir permissive=1
[   16.359428] type=1400 audit(1780147487.602:2089): avc: denied { open } for comm="recovery" path="/data/misc/update_engine" dev="dm-7" ino=75 scontext=u:r:recovery:s0 tcontext=u:object_r:update_engine_data_file:s0 tclass=dir permissive=1
[   16.359455] type=1400 audit(1780147487.602:2090): avc: denied { search } for comm="recovery" name="update_engine" dev="dm-7" ino=75 scontext=u:r:recovery:s0 tcontext=u:object_r:update_engine_data_file:s0 tclass=dir permissive=1
[   16.359479] type=1400 audit(1780147487.602:2091): avc: denied { getattr } for comm="recovery" path="/data/misc/update_engine_log" dev="dm-7" ino=76 scontext=u:r:recovery:s0 tcontext=u:object_r:update_engine_log_data_file:s0 tclass=dir permissive=1
[   16.359504] type=1400 audit(1780147487.602:2092): avc: denied { read } for comm="recovery" name="update_engine_log" dev="dm-7" ino=76 scontext=u:r:recovery:s0 tcontext=u:object_r:update_engine_log_data_file:s0 tclass=dir permissive=1
[   16.359528] type=1400 audit(1780147487.602:2093): avc: denied { open } for comm="recovery" path="/data/misc/update_engine_log" dev="dm-7" ino=76 scontext=u:r:recovery:s0 tcontext=u:object_r:update_engine_log_data_file:s0 tclass=dir permissive=1
[   16.359555] type=1400 audit(1780147487.602:2094): avc: denied { search } for comm="recovery" name="update_engine_log" dev="dm-7" ino=76 scontext=u:r:recovery:s0 tcontext=u:object_r:update_engine_log_data_file:s0 tclass=dir permissive=1
[   16.359580] type=1400 audit(1780147487.602:2095): avc: denied { getattr } for comm="recovery" path="/data/misc/update_engine_log/update_engine.log" dev="dm-7" ino=87857 scontext=u:r:recovery:s0 tcontext=u:object_r:update_engine_log_data_file:s0 tclass=lnk_file permissive=1
[   16.359605] type=1400 audit(1780147487.602:2096): avc: denied { getattr } for comm="recovery" path="/data/misc/trace" dev="dm-7" ino=77 scontext=u:r:recovery:s0 tcontext=u:object_r:method_trace_data_file:s0 tclass=dir permissive=1
[   16.359631] type=1400 audit(1780147487.602:2097): avc: denied { read } for comm="recovery" name="trace" dev="dm-7" ino=77 scontext=u:r:recovery:s0 tcontext=u:object_r:method_trace_data_file:s0 tclass=dir permissive=1
[   16.359656] type=1400 audit(1780147487.602:2098): avc: denied { open } for comm="recovery" path="/data/misc/trace" dev="dm-7" ino=77 scontext=u:r:recovery:s0 tcontext=u:object_r:method_trace_data_file:s0 tclass=dir permissive=1
[   16.359680] type=1400 audit(1780147487.602:2099): avc: denied { search } for comm="recovery" name="trace" dev="dm-7" ino=77 scontext=u:r:recovery:s0 tcontext=u:object_r:method_trace_data_file:s0 tclass=dir permissive=1
[   16.359704] type=1400 audit(1780147487.602:2100): avc: denied { getattr } for comm="recovery" path="/data/misc/wmtrace" dev="dm-7" ino=78 scontext=u:r:recovery:s0 tcontext=u:object_r:wm_trace_data_file:s0 tclass=dir permissive=1
[   16.359730] type=1400 audit(1780147487.602:2101): avc: denied { read } for comm="recovery" name="wmtrace" dev="dm-7" ino=78 scontext=u:r:recovery:s0 tcontext=u:object_r:wm_trace_data_file:s0 tclass=dir permissive=1
[   16.359754] type=1400 audit(1780147487.602:2102): avc: denied { open } for comm="recovery" path="/data/misc/wmtrace" dev="dm-7" ino=78 scontext=u:r:recovery:s0 tcontext=u:object_r:wm_trace_data_file:s0 tclass=dir permissive=1
[   16.359779] type=1400 audit(1780147487.602:2103): avc: denied { search } for comm="recovery" name="wmtrace" dev="dm-7" ino=78 scontext=u:r:recovery:s0 tcontext=u:object_r:wm_trace_data_file:s0 tclass=dir permissive=1
[   16.359803] type=1400 audit(1780147487.602:2104): avc: denied { getattr } for comm="recovery" path="/data/misc/a11ytrace" dev="dm-7" ino=79 scontext=u:r:recovery:s0 tcontext=u:object_r:accessibility_trace_data_file:s0 tclass=dir permissive=1
[   16.360018] type=1400 audit(1780147487.602:2105): avc: denied { read } for comm="recovery" name="a11ytrace" dev="dm-7" ino=79 scontext=u:r:recovery:s0 tcontext=u:object_r:accessibility_trace_data_file:s0 tclass=dir permissive=1
[   16.360046] type=1400 audit(1780147487.602:2106): avc: denied { open } for comm="recovery" path="/data/misc/a11ytrace" dev="dm-7" ino=79 scontext=u:r:recovery:s0 tcontext=u:object_r:accessibility_trace_data_file:s0 tclass=dir permissive=1
[   16.360072] type=1400 audit(1780147487.602:2107): avc: denied { search } for comm="recovery" name="a11ytrace" dev="dm-7" ino=79 scontext=u:r:recovery:s0 tcontext=u:object_r:accessibility_trace_data_file:s0 tclass=dir permissive=1
[   16.360099] type=1400 audit(1780147487.602:2108): avc: denied { getattr } for comm="recovery" path="/data/misc/profiles/cur" dev="dm-7" ino=81 scontext=u:r:recovery:s0 tcontext=u:object_r:user_profile_root_file:s0 tclass=dir permissive=1
[   16.360124] type=1400 audit(1780147487.602:2109): avc: denied { read } for comm="recovery" name="cur" dev="dm-7" ino=81 scontext=u:r:recovery:s0 tcontext=u:object_r:user_profile_root_file:s0 tclass=dir permissive=1
[   16.360150] type=1400 audit(1780147487.602:2110): avc: denied { open } for comm="recovery" path="/data/misc/profiles/cur" dev="dm-7" ino=81 scontext=u:r:recovery:s0 tcontext=u:object_r:user_profile_root_file:s0 tclass=dir permissive=1
[   16.360174] type=1400 audit(1780147487.602:2111): avc: denied { search } for comm="recovery" name="cur" dev="dm-7" ino=81 scontext=u:r:recovery:s0 tcontext=u:object_r:user_profile_root_file:s0 tclass=dir permissive=1
[   16.360201] type=1400 audit(1780147487.602:2112): avc: denied { getattr } for comm="recovery" path="/data/misc/profiles/cur/0" dev="dm-7" ino=297 scontext=u:r:recovery:s0 tcontext=u:object_r:user_profile_root_file:s0:c512,c768 tclass=dir permissive=1
[   16.360225] type=1400 audit(1780147487.602:2113): avc: denied { read } for comm="recovery" name="0" dev="dm-7" ino=297 scontext=u:r:recovery:s0 tcontext=u:object_r:user_profile_root_file:s0:c512,c768 tclass=dir permissive=1
[   16.360250] type=1400 audit(1780147487.602:2114): avc: denied { open } for comm="recovery" path="/data/misc/profiles/cur/0" dev="dm-7" ino=297 scontext=u:r:recovery:s0 tcontext=u:object_r:user_profile_root_file:s0:c512,c768 tclass=dir permissive=1
[   16.360276] type=1400 audit(1780147487.602:2115): avc: denied { search } for comm="recovery" name="0" dev="dm-7" ino=297 scontext=u:r:recovery:s0 tcontext=u:object_r:user_profile_root_file:s0:c512,c768 tclass=dir permissive=1
[   16.360302] type=1400 audit(1780147487.602:2116): avc: denied { getattr } for comm="recovery" path="/data/misc/profiles/cur/0/com.android.uwb.resources" dev="dm-7" ino=2809 scontext=u:r:recovery:s0 tcontext=u:object_r:user_profile_data_file:s0 tclass=dir permissive=1
[   16.360327] type=1400 audit(1780147487.602:2117): avc: denied { read } for comm="recovery" name="com.android.uwb.resources" dev="dm-7" ino=2809 scontext=u:r:recovery:s0 tcontext=u:object_r:user_profile_data_file:s0 tclass=dir permissive=1
[   16.360352] type=1400 audit(1780147487.602:2118): avc: denied { open } for comm="recovery" path="/data/misc/profiles/cur/0/com.android.uwb.resources" dev="dm-7" ino=2809 scontext=u:r:recovery:s0 tcontext=u:object_r:user_profile_data_file:s0 tclass=dir permissive=1
[   16.360378] type=1400 audit(1780147487.602:2119): avc: denied { search } for comm="recovery" name="com.android.uwb.resources" dev="dm-7" ino=2809 scontext=u:r:recovery:s0 tcontext=u:object_r:user_profile_data_file:s0 tclass=dir permissive=1
[   16.360403] type=1400 audit(1780147487.602:2120): avc: denied { getattr } for comm="recovery" path="/data/misc/profiles/cur/0/com.android.providers.telephony/primary.prof" dev="dm-7" ino=11378 scontext=u:r:recovery:s0 tcontext=u:object_r:user_profile_data_file:s0 tclass=file permissive=1
[   16.363393] type=1400 audit(1780147487.606:2121): avc: denied { getattr } for comm="recovery" path="/data/misc/profiles/cur/0/bin.mt.plus/primary.prof" dev="dm-7" ino=66286 scontext=u:r:recovery:s0 tcontext=u:object_r:user_profile_data_file:s0:c112,c257,c512,c768 tclass=file permissive=1
[   16.363851] type=1400 audit(1780147487.606:2122): avc: denied { getattr } for comm="recovery" path="/data/misc/profiles/cur/0/com.x1y9.probe/primary.prof" dev="dm-7" ino=78791 scontext=u:r:recovery:s0 tcontext=u:object_r:user_profile_data_file:s0:c110,c257,c512,c768 tclass=file permissive=1
[   16.369886] type=1400 audit(1780147487.614:2123): avc: denied { getattr } for comm="recovery" path="/data/misc/installd/using_project_ids" dev="dm-7" ino=659 scontext=u:r:recovery:s0 tcontext=u:object_r:install_data_file:s0 tclass=file permissive=1
[   16.370551] type=1400 audit(1780147487.614:2124): avc: denied { getattr } for comm="recovery" path="/data/misc/odrefresh/compilation-log.txt" dev="dm-7" ino=360 scontext=u:r:recovery:s0 tcontext=u:object_r:odrefresh_data_file:s0 tclass=file permissive=1
[   16.370604] type=1400 audit(1780147487.614:2125): avc: denied { getattr } for comm="recovery" path="/data/misc/odsign/publickey.signature" dev="dm-7" ino=355 scontext=u:r:recovery:s0 tcontext=u:object_r:odsign_data_file:s0 tclass=file permissive=1
[   16.370670] type=1400 audit(1780147487.614:2126): avc: denied { getattr } for comm="recovery" path="/data/misc/stats-active-metric/active_metrics" dev="dm-7" ino=67661 scontext=u:r:recovery:s0 tcontext=u:object_r:stats_data_file:s0 tclass=file permissive=1
[   16.370765] type=1400 audit(1780147487.614:2127): avc: denied { getattr } for comm="recovery" path="/data/misc/adb/adb_keys" dev="dm-7" ino=70714 scontext=u:r:recovery:s0 tcontext=u:object_r:adb_keys_file:s0 tclass=file permissive=1
[   16.370839] type=1400 audit(1780147487.614:2128): avc: denied { getattr } for comm="recovery" path="/data/misc/bootstat/last_boot_time_utc" dev="dm-7" ino=6104 scontext=u:r:recovery:s0 tcontext=u:object_r:bootstat_data_file:s0 tclass=file permissive=1
[   16.370883] type=1400 audit(1780147487.614:2129): avc: denied { getattr } for comm="recovery" path="/data/misc/incidents" dev="dm-7" ino=449 scontext=u:r:recovery:s0 tcontext=u:object_r:incident_data_file:s0 tclass=dir permissive=1
[   16.370913] type=1400 audit(1780147487.614:2130): avc: denied { read } for comm="recovery" name="incidents" dev="dm-7" ino=449 scontext=u:r:recovery:s0 tcontext=u:object_r:incident_data_file:s0 tclass=dir permissive=1
[   16.370942] type=1400 audit(1780147487.614:2131): avc: denied { open } for comm="recovery" path="/data/misc/incidents" dev="dm-7" ino=449 scontext=u:r:recovery:s0 tcontext=u:object_r:incident_data_file:s0 tclass=dir permissive=1
[   16.370970] type=1400 audit(1780147487.614:2132): avc: denied { search } for comm="recovery" name="incidents" dev="dm-7" ino=449 scontext=u:r:recovery:s0 tcontext=u:object_r:incident_data_file:s0 tclass=dir permissive=1
[   16.371152] type=1400 audit(1780147487.614:2133): avc: denied { getattr } for comm="recovery" path="/data/misc/perfetto-traces/bugreport" dev="dm-7" ino=556 scontext=u:r:recovery:s0 tcontext=u:object_r:perfetto_traces_bugreport_data_file:s0 tclass=dir permissive=1
[   16.371184] type=1400 audit(1780147487.614:2134): avc: denied { read } for comm="recovery" name="bugreport" dev="dm-7" ino=556 scontext=u:r:recovery:s0 tcontext=u:object_r:perfetto_traces_bugreport_data_file:s0 tclass=dir permissive=1
[   16.371212] type=1400 audit(1780147487.614:2135): avc: denied { open } for comm="recovery" path="/data/misc/perfetto-traces/bugreport" dev="dm-7" ino=556 scontext=u:r:recovery:s0 tcontext=u:object_r:perfetto_traces_bugreport_data_file:s0 tclass=dir permissive=1
[   16.371240] type=1400 audit(1780147487.614:2136): avc: denied { search } for comm="recovery" name="bugreport" dev="dm-7" ino=556 scontext=u:r:recovery:s0 tcontext=u:object_r:perfetto_traces_bugreport_data_file:s0 tclass=dir permissive=1
[   16.371266] type=1400 audit(1780147487.614:2137): avc: denied { getattr } for comm="recovery" path="/data/misc/perfetto-configs" dev="dm-7" ino=558 scontext=u:r:recovery:s0 tcontext=u:object_r:perfetto_configs_data_file:s0 tclass=dir permissive=1
[   16.371293] type=1400 audit(1780147487.614:2138): avc: denied { read } for comm="recovery" name="perfetto-configs" dev="dm-7" ino=558 scontext=u:r:recovery:s0 tcontext=u:object_r:perfetto_configs_data_file:s0 tclass=dir permissive=1
[   16.371319] type=1400 audit(1780147487.614:2139): avc: denied { open } for comm="recovery" path="/data/misc/perfetto-configs" dev="dm-7" ino=558 scontext=u:r:recovery:s0 tcontext=u:object_r:perfetto_configs_data_file:s0 tclass=dir permissive=1
[   16.371348] type=1400 audit(1780147487.614:2140): avc: denied { search } for comm="recovery" name="perfetto-configs" dev="dm-7" ino=558 scontext=u:r:recovery:s0 tcontext=u:object_r:perfetto_configs_data_file:s0 tclass=dir permissive=1
[   16.371374] type=1400 audit(1780147487.614:2141): avc: denied { getattr } for comm="recovery" path="/data/property" dev="dm-7" ino=29 scontext=u:r:recovery:s0 tcontext=u:object_r:property_data_file:s0 tclass=dir permissive=1
[   16.371400] type=1400 audit(1780147487.614:2142): avc: denied { read } for comm="recovery" name="property" dev="dm-7" ino=29 scontext=u:r:recovery:s0 tcontext=u:object_r:property_data_file:s0 tclass=dir permissive=1
[   16.371427] type=1400 audit(1780147487.614:2143): avc: denied { open } for comm="recovery" path="/data/property" dev="dm-7" ino=29 scontext=u:r:recovery:s0 tcontext=u:object_r:property_data_file:s0 tclass=dir permissive=1
[   16.371453] type=1400 audit(1780147487.614:2144): avc: denied { search } for comm="recovery" name="property" dev="dm-7" ino=29 scontext=u:r:recovery:s0 tcontext=u:object_r:property_data_file:s0 tclass=dir permissive=1
[   16.371478] type=1400 audit(1780147487.614:2145): avc: denied { getattr } for comm="recovery" path="/data/property/persistent_properties" dev="dm-7" ino=92097 scontext=u:r:recovery:s0 tcontext=u:object_r:property_data_file:s0 tclass=file permissive=1
[   16.371504] type=1400 audit(1780147487.614:2146): avc: denied { getattr } for comm="recovery" path="/data/apex" dev="dm-7" ino=31 scontext=u:r:recovery:s0 tcontext=u:object_r:apex_data_file:s0 tclass=dir permissive=1
[   16.371532] type=1400 audit(1780147487.614:2147): avc: denied { read } for comm="recovery" name="apex" dev="dm-7" ino=31 scontext=u:r:recovery:s0 tcontext=u:object_r:apex_data_file:s0 tclass=dir permissive=1
[   16.371558] type=1400 audit(1780147487.614:2148): avc: denied { open } for comm="recovery" path="/data/apex" dev="dm-7" ino=31 scontext=u:r:recovery:s0 tcontext=u:object_r:apex_data_file:s0 tclass=dir permissive=1
[   16.371583] type=1400 audit(1780147487.614:2149): avc: denied { search } for comm="recovery" name="apex" dev="dm-7" ino=31 scontext=u:r:recovery:s0 tcontext=u:object_r:apex_data_file:s0 tclass=dir permissive=1
[   16.371610] type=1400 audit(1780147487.614:2150): avc: denied { getattr } for comm="recovery" path="/data/apex/decompressed/com.android.profiling@352090000.decompressed.apex" dev="dm-7" ino=96 scontext=u:r:recovery:s0 tcontext=u:object_r:staging_data_file:s0 tclass=file permissive=1
[   16.371636] type=1400 audit(1780147487.614:2151): avc: denied { getattr } for comm="recovery" path="/data/app-staging" dev="dm-7" ino=37 scontext=u:r:recovery:s0 tcontext=u:object_r:staging_data_file:s0 tclass=dir permissive=1
[   16.371660] type=1400 audit(1780147487.614:2152): avc: denied { read } for comm="recovery" name="app-staging" dev="dm-7" ino=37 scontext=u:r:recovery:s0 tcontext=u:object_r:staging_data_file:s0 tclass=dir permissive=1
[   16.371685] type=1400 audit(1780147487.614:2153): avc: denied { open } for comm="recovery" path="/data/app-staging" dev="dm-7" ino=37 scontext=u:r:recovery:s0 tcontext=u:object_r:staging_data_file:s0 tclass=dir permissive=1
[   16.371711] type=1400 audit(1780147487.614:2154): avc: denied { search } for comm="recovery" name="app-staging" dev="dm-7" ino=37 scontext=u:r:recovery:s0 tcontext=u:object_r:staging_data_file:s0 tclass=dir permissive=1
[   16.371736] type=1400 audit(1780147487.614:2155): avc: denied { getattr } for comm="recovery" path="/data/local/traces" dev="dm-7" ino=100 scontext=u:r:recovery:s0 tcontext=u:object_r:trace_data_file:s0 tclass=dir permissive=1
[   16.371761] type=1400 audit(1780147487.614:2156): avc: denied { read } for comm="recovery" name="traces" dev="dm-7" ino=100 scontext=u:r:recovery:s0 tcontext=u:object_r:trace_data_file:s0 tclass=dir permissive=1
[   16.371788] type=1400 audit(1780147487.614:2157): avc: denied { open } for comm="recovery" path="/data/local/traces" dev="dm-7" ino=100 scontext=u:r:recovery:s0 tcontext=u:object_r:trace_data_file:s0 tclass=dir permissive=1
[   16.371813] type=1400 audit(1780147487.614:2158): avc: denied { search } for comm="recovery" name="traces" dev="dm-7" ino=100 scontext=u:r:recovery:s0 tcontext=u:object_r:trace_data_file:s0 tclass=dir permissive=1
[   16.371838] type=1400 audit(1780147487.614:2159): avc: denied { getattr } for comm="recovery" path="/data/local/tests" dev="dm-7" ino=111 scontext=u:r:recovery:s0 tcontext=u:object_r:shell_test_data_file:s0 tclass=dir permissive=1
[   16.371863] type=1400 audit(1780147487.614:2160): avc: denied { read } for comm="recovery" name="tests" dev="dm-7" ino=111 scontext=u:r:recovery:s0 tcontext=u:object_r:shell_test_data_file:s0 tclass=dir permissive=1
[   16.371889] type=1400 audit(1780147487.614:2161): avc: denied { open } for comm="recovery" path="/data/local/tests" dev="dm-7" ino=111 scontext=u:r:recovery:s0 tcontext=u:object_r:shell_test_data_file:s0 tclass=dir permissive=1
[   16.371914] type=1400 audit(1780147487.614:2162): avc: denied { search } for comm="recovery" name="tests" dev="dm-7" ino=111 scontext=u:r:recovery:s0 tcontext=u:object_r:shell_test_data_file:s0 tclass=dir permissive=1
[   16.371938] type=1400 audit(1780147487.614:2163): avc: denied { getattr } for comm="recovery" path="/data/preloads" dev="dm-7" ino=98 scontext=u:r:recovery:s0 tcontext=u:object_r:preloads_data_file:s0 tclass=dir permissive=1
[   16.371963] type=1400 audit(1780147487.614:2164): avc: denied { read } for comm="recovery" name="preloads" dev="dm-7" ino=98 scontext=u:r:recovery:s0 tcontext=u:object_r:preloads_data_file:s0 tclass=dir permissive=1
[   16.371989] type=1400 audit(1780147487.614:2165): avc: denied { open } for comm="recovery" path="/data/preloads" dev="dm-7" ino=98 scontext=u:r:recovery:s0 tcontext=u:object_r:preloads_data_file:s0 tclass=dir permissive=1
[   16.372013] type=1400 audit(1780147487.614:2166): avc: denied { search } for comm="recovery" name="preloads" dev="dm-7" ino=98 scontext=u:r:recovery:s0 tcontext=u:object_r:preloads_data_file:s0 tclass=dir permissive=1
[   16.372038] type=1400 audit(1780147487.614:2167): avc: denied { getattr } for comm="recovery" path="/data/preloads/media" dev="dm-7" ino=511 scontext=u:r:recovery:s0 tcontext=u:object_r:preloads_media_file:s0 tclass=dir permissive=1
[   16.372064] type=1400 audit(1780147487.614:2168): avc: denied { read } for comm="recovery" name="media" dev="dm-7" ino=511 scontext=u:r:recovery:s0 tcontext=u:object_r:preloads_media_file:s0 tclass=dir permissive=1
[   16.372089] type=1400 audit(1780147487.614:2169): avc: denied { open } for comm="recovery" path="/data/preloads/media" dev="dm-7" ino=511 scontext=u:r:recovery:s0 tcontext=u:object_r:preloads_media_file:s0 tclass=dir permissive=1
[   16.372113] type=1400 audit(1780147487.614:2170): avc: denied { search } for comm="recovery" name="media" dev="dm-7" ino=511 scontext=u:r:recovery:s0 tcontext=u:object_r:preloads_media_file:s0 tclass=dir permissive=1
[   16.372139] type=1400 audit(1780147487.614:2171): avc: denied { getattr } for comm="recovery" path="/data/app-private" dev="dm-7" ino=101 scontext=u:r:recovery:s0 tcontext=u:object_r:apk_private_data_file:s0 tclass=dir permissive=1
[   16.372165] type=1400 audit(1780147487.614:2172): avc: denied { read } for comm="recovery" name="app-private" dev="dm-7" ino=101 scontext=u:r:recovery:s0 tcontext=u:object_r:apk_private_data_file:s0 tclass=dir permissive=1
[   16.372190] type=1400 audit(1780147487.614:2173): avc: denied { open } for comm="recovery" path="/data/app-private" dev="dm-7" ino=101 scontext=u:r:recovery:s0 tcontext=u:object_r:apk_private_data_file:s0 tclass=dir permissive=1
[   16.372215] type=1400 audit(1780147487.614:2174): avc: denied { search } for comm="recovery" name="app-private" dev="dm-7" ino=101 scontext=u:r:recovery:s0 tcontext=u:object_r:apk_private_data_file:s0 tclass=dir permissive=1
[   16.372241] type=1400 audit(1780147487.614:2175): avc: denied { getattr } for comm="recovery" path="/data/app-asec" dev="dm-7" ino=103 scontext=u:r:recovery:s0 tcontext=u:object_r:asec_image_file:s0 tclass=dir permissive=1
[   16.372265] type=1400 audit(1780147487.614:2176): avc: denied { read } for comm="recovery" name="app-asec" dev="dm-7" ino=103 scontext=u:r:recovery:s0 tcontext=u:object_r:asec_image_file:s0 tclass=dir permissive=1
[   16.372289] type=1400 audit(1780147487.614:2177): avc: denied { open } for comm="recovery" path="/data/app-asec" dev="dm-7" ino=103 scontext=u:r:recovery:s0 tcontext=u:object_r:asec_image_file:s0 tclass=dir permissive=1
[   16.372314] type=1400 audit(1780147487.614:2178): avc: denied { search } for comm="recovery" name="app-asec" dev="dm-7" ino=103 scontext=u:r:recovery:s0 tcontext=u:object_r:asec_image_file:s0 tclass=dir permissive=1
[   16.372340] type=1400 audit(1780147487.614:2179): avc: denied { getattr } for comm="recovery" path="/data/app" dev="dm-7" ino=105 scontext=u:r:recovery:s0 tcontext=u:object_r:apk_data_file:s0 tclass=dir permissive=1
[   16.372365] type=1400 audit(1780147487.614:2180): avc: denied { read } for comm="recovery" name="app" dev="dm-7" ino=105 scontext=u:r:recovery:s0 tcontext=u:object_r:apk_data_file:s0 tclass=dir permissive=1
[   16.372389] type=1400 audit(1780147487.614:2181): avc: denied { open } for comm="recovery" path="/data/app" dev="dm-7" ino=105 scontext=u:r:recovery:s0 tcontext=u:object_r:apk_data_file:s0 tclass=dir permissive=1
[   16.372415] type=1400 audit(1780147487.614:2182): avc: denied { search } for comm="recovery" name="app" dev="dm-7" ino=105 scontext=u:r:recovery:s0 tcontext=u:object_r:apk_data_file:s0 tclass=dir permissive=1
[   16.372441] type=1400 audit(1780147487.614:2183): avc: denied { getattr } for comm="recovery" path="/data/app/~~4I9B63fp8-LEr-p69vvB0g==/me.weishu.kernelsu-6qGEdC2XJL17PliN71REpQ==/lib/arm64/libandroidx.graphics.path.so" dev="dm-7" ino=13861 scontext=u:r:recovery:s0 tcontext=u:object_r:apk_data_file:s0 tclass=file permissive=1
[   16.372467] type=1400 audit(1780147487.614:2184): avc: denied { getattr } for comm="recovery" path="/data/app/~~4I9B63fp8-LEr-p69vvB0g==/me.weishu.kernelsu-6qGEdC2XJL17PliN71REpQ==/oat" dev="dm-7" ino=13886 scontext=u:r:recovery:s0 tcontext=u:object_r:dalvikcache_data_file:s0 tclass=dir permissive=1
[   16.372492] type=1400 audit(1780147487.614:2185): avc: denied { read } for comm="recovery" name="oat" dev="dm-7" ino=13886 scontext=u:r:recovery:s0 tcontext=u:object_r:dalvikcache_data_file:s0 tclass=dir permissive=1
[   16.372519] type=1400 audit(1780147487.614:2186): avc: denied { open } for comm="recovery" path="/data/app/~~4I9B63fp8-LEr-p69vvB0g==/me.weishu.kernelsu-6qGEdC2XJL17PliN71REpQ==/oat" dev="dm-7" ino=13886 scontext=u:r:recovery:s0 tcontext=u:object_r:dalvikcache_data_file:s0 tclass=dir permissive=1
[   16.372545] type=1400 audit(1780147487.614:2187): avc: denied { search } for comm="recovery" name="oat" dev="dm-7" ino=13886 scontext=u:r:recovery:s0 tcontext=u:object_r:dalvikcache_data_file:s0 tclass=dir permissive=1
[   16.372571] type=1400 audit(1780147487.614:2188): avc: denied { getattr } for comm="recovery" path="/data/app/~~4I9B63fp8-LEr-p69vvB0g==/me.weishu.kernelsu-6qGEdC2XJL17PliN71REpQ==/oat/arm64/base.odex" dev="dm-7" ino=46980 scontext=u:r:recovery:s0 tcontext=u:object_r:dalvikcache_data_file:s0 tclass=file permissive=1
[   16.377539] type=1400 audit(1780147487.622:2189): avc: denied { getattr } for comm="recovery" path="/data/fonts/files" dev="dm-7" ino=109 scontext=u:r:recovery:s0 tcontext=u:object_r:font_data_file:s0 tclass=dir permissive=1
[   16.377574] type=1400 audit(1780147487.622:2190): avc: denied { read } for comm="recovery" name="files" dev="dm-7" ino=109 scontext=u:r:recovery:s0 tcontext=u:object_r:font_data_file:s0 tclass=dir permissive=1
[   16.377600] type=1400 audit(1780147487.622:2191): avc: denied { open } for comm="recovery" path="/data/fonts/files" dev="dm-7" ino=109 scontext=u:r:recovery:s0 tcontext=u:object_r:font_data_file:s0 tclass=dir permissive=1
[   16.377627] type=1400 audit(1780147487.622:2192): avc: denied { search } for comm="recovery" name="files" dev="dm-7" ino=109 scontext=u:r:recovery:s0 tcontext=u:object_r:font_data_file:s0 tclass=dir permissive=1
[   16.378569] type=1400 audit(1780147487.622:2193): avc: denied { getattr } for comm="recovery" path="/data/ota" dev="dm-7" ino=117 scontext=u:r:recovery:s0 tcontext=u:object_r:ota_data_file:s0 tclass=dir permissive=1
[   16.378604] type=1400 audit(1780147487.622:2194): avc: denied { read } for comm="recovery" name="ota" dev="dm-7" ino=117 scontext=u:r:recovery:s0 tcontext=u:object_r:ota_data_file:s0 tclass=dir permissive=1
[   16.378633] type=1400 audit(1780147487.622:2195): avc: denied { open } for comm="recovery" path="/data/ota" dev="dm-7" ino=117 scontext=u:r:recovery:s0 tcontext=u:object_r:ota_data_file:s0 tclass=dir permissive=1
[   16.378659] type=1400 audit(1780147487.622:2196): avc: denied { search } for comm="recovery" name="ota" dev="dm-7" ino=117 scontext=u:r:recovery:s0 tcontext=u:object_r:ota_data_file:s0 tclass=dir permissive=1
[   16.378688] type=1400 audit(1780147487.622:2197): avc: denied { getattr } for comm="recovery" path="/data/ota_package" dev="dm-7" ino=118 scontext=u:r:recovery:s0 tcontext=u:object_r:ota_package_file:s0 tclass=dir permissive=1
[   16.378715] type=1400 audit(1780147487.622:2198): avc: denied { read } for comm="recovery" name="ota_package" dev="dm-7" ino=118 scontext=u:r:recovery:s0 tcontext=u:object_r:ota_package_file:s0 tclass=dir permissive=1
[   16.378740] type=1400 audit(1780147487.622:2199): avc: denied { open } for comm="recovery" path="/data/ota_package" dev="dm-7" ino=118 scontext=u:r:recovery:s0 tcontext=u:object_r:ota_package_file:s0 tclass=dir permissive=1
[   16.378768] type=1400 audit(1780147487.622:2200): avc: denied { search } for comm="recovery" name="ota_package" dev="dm-7" ino=118 scontext=u:r:recovery:s0 tcontext=u:object_r:ota_package_file:s0 tclass=dir permissive=1
[   16.378796] type=1400 audit(1780147487.622:2201): avc: denied { getattr } for comm="recovery" path="/data/resource-cache/vendor@overlay@framework-res__portov_cn__auto_generated_rro_vendor.apk@idmap" dev="dm-7" ino=601 scontext=u:r:recovery:s0 tcontext=u:object_r:resourcecache_data_file:s0 tclass=file permissive=1
[   16.378996] type=1400 audit(1780147487.622:2202): avc: denied { getattr } for comm="recovery" path="/data/drm/fwdlock/kek.dat" dev="dm-7" ino=4944 scontext=u:r:recovery:s0 tcontext=u:object_r:drm_data_file:s0 tclass=file permissive=1
[   16.379028] type=1400 audit(1780147487.622:2203): avc: denied { getattr } for comm="recovery" path="/data/nfc" dev="dm-7" ino=125 scontext=u:r:recovery:s0 tcontext=u:object_r:nfc_data_file:s0 tclass=dir permissive=1
[   16.379054] type=1400 audit(1780147487.622:2204): avc: denied { read } for comm="recovery" name="nfc" dev="dm-7" ino=125 scontext=u:r:recovery:s0 tcontext=u:object_r:nfc_data_file:s0 tclass=dir permissive=1
[   16.379080] type=1400 audit(1780147487.622:2205): avc: denied { open } for comm="recovery" path="/data/nfc" dev="dm-7" ino=125 scontext=u:r:recovery:s0 tcontext=u:object_r:nfc_data_file:s0 tclass=dir permissive=1
[   16.379108] type=1400 audit(1780147487.622:2206): avc: denied { search } for comm="recovery" name="nfc" dev="dm-7" ino=125 scontext=u:r:recovery:s0 tcontext=u:object_r:nfc_data_file:s0 tclass=dir permissive=1
[   16.379133] type=1400 audit(1780147487.622:2207): avc: denied { getattr } for comm="recovery" path="/data/nfc/event_log.binpb" dev="dm-7" ino=88793 scontext=u:r:recovery:s0 tcontext=u:object_r:nfc_data_file:s0 tclass=file permissive=1
[   16.379529] type=1400 audit(1780147487.622:2208): avc: denied { getattr } for comm="recovery" path="/data/system/environ" dev="dm-7" ino=130 scontext=u:r:recovery:s0 tcontext=u:object_r:environ_system_data_file:s0 tclass=dir permissive=1
[   16.379565] type=1400 audit(1780147487.622:2209): avc: denied { read } for comm="recovery" name="environ" dev="dm-7" ino=130 scontext=u:r:recovery:s0 tcontext=u:object_r:environ_system_data_file:s0 tclass=dir permissive=1
[   16.379592] type=1400 audit(1780147487.622:2210): avc: denied { open } for comm="recovery" path="/data/system/environ" dev="dm-7" ino=130 scontext=u:r:recovery:s0 tcontext=u:object_r:environ_system_data_file:s0 tclass=dir permissive=1
[   16.379618] type=1400 audit(1780147487.622:2211): avc: denied { search } for comm="recovery" name="environ" dev="dm-7" ino=130 scontext=u:r:recovery:s0 tcontext=u:object_r:environ_system_data_file:s0 tclass=dir permissive=1
[   16.379645] type=1400 audit(1780147487.622:2212): avc: denied { getattr } for comm="recovery" path="/data/system/environ/classpath" dev="dm-7" ino=87817 scontext=u:r:recovery:s0 tcontext=u:object_r:environ_system_data_file:s0 tclass=file permissive=1
[   16.379672] type=1400 audit(1780147487.622:2213): avc: denied { getattr } for comm="recovery" path="/data/system/dropbox/storage_trim@1780063749541.txt" dev="dm-7" ino=64723 scontext=u:r:recovery:s0 tcontext=u:object_r:dropbox_data_file:s0 tclass=file permissive=1
[   16.379910] type=1400 audit(1780147487.622:2214): avc: denied { getattr } for comm="recovery" path="/data/system/heapdump" dev="dm-7" ino=132 scontext=u:r:recovery:s0 tcontext=u:object_r:heapdump_data_file:s0 tclass=dir permissive=1
[   16.379940] type=1400 audit(1780147487.622:2215): avc: denied { read } for comm="recovery" name="heapdump" dev="dm-7" ino=132 scontext=u:r:recovery:s0 tcontext=u:object_r:heapdump_data_file:s0 tclass=dir permissive=1
[   16.379967] type=1400 audit(1780147487.622:2216): avc: denied { open } for comm="recovery" path="/data/system/heapdump" dev="dm-7" ino=132 scontext=u:r:recovery:s0 tcontext=u:object_r:heapdump_data_file:s0 tclass=dir permissive=1
[   16.379993] type=1400 audit(1780147487.622:2217): avc: denied { search } for comm="recovery" name="heapdump" dev="dm-7" ino=132 scontext=u:r:recovery:s0 tcontext=u:object_r:heapdump_data_file:s0 tclass=dir permissive=1
[   16.380156] type=1400 audit(1780147487.622:2218): avc: denied { getattr } for comm="recovery" path="/data/system/unsolzygotesocket" dev="dm-7" ino=87870 scontext=u:r:recovery:s0 tcontext=u:object_r:system_unsolzygote_socket:s0 tclass=sock_file permissive=1
[   16.382704] type=1400 audit(1780147487.626:2219): avc: denied { getattr } for comm="recovery" path="/data/system/packages.list" dev="dm-7" ino=88705 scontext=u:r:recovery:s0 tcontext=u:object_r:packages_list_file:s0 tclass=file permissive=1
[   16.383818] type=1400 audit(1780147487.626:2220): avc: denied { getattr } for comm="recovery" path="/data/system/ndebugsocket" dev="dm-7" ino=87933 scontext=u:r:recovery:s0 tcontext=u:object_r:system_ndebug_socket:s0 tclass=sock_file permissive=1
[   16.384146] type=1400 audit(1780147487.626:2221): avc: denied { getattr } for comm="recovery" path="/data/misc_ce/0/apexdata/com.android.appsearch" dev="dm-7" ino=5595 scontext=u:r:recovery:s0 tcontext=u:object_r:apex_appsearch_data_file:s0 tclass=dir permissive=1
[   16.384177] type=1400 audit(1780147487.626:2222): avc: denied { read } for comm="recovery" name="com.android.appsearch" dev="dm-7" ino=5595 scontext=u:r:recovery:s0 tcontext=u:object_r:apex_appsearch_data_file:s0 tclass=dir permissive=1
[   16.384205] type=1400 audit(1780147487.626:2223): avc: denied { open } for comm="recovery" path="/data/misc_ce/0/apexdata/com.android.appsearch" dev="dm-7" ino=5595 scontext=u:r:recovery:s0 tcontext=u:object_r:apex_appsearch_data_file:s0 tclass=dir permissive=1
[   16.384231] type=1400 audit(1780147487.626:2224): avc: denied { search } for comm="recovery" name="com.android.appsearch" dev="dm-7" ino=5595 scontext=u:r:recovery:s0 tcontext=u:object_r:apex_appsearch_data_file:s0 tclass=dir permissive=1
[   16.384631] type=1400 audit(1780147487.626:2225): avc: denied { getattr } for comm="recovery" path="/data/misc_ce/0/apexdata/com.android.wifi" dev="dm-7" ino=5633 scontext=u:r:recovery:s0 tcontext=u:object_r:apex_wifi_data_file:s0 tclass=dir permissive=1
[   16.384666] type=1400 audit(1780147487.626:2226): avc: denied { read } for comm="recovery" name="com.android.wifi" dev="dm-7" ino=5633 scontext=u:r:recovery:s0 tcontext=u:object_r:apex_wifi_data_file:s0 tclass=dir permissive=1
[   16.384693] type=1400 audit(1780147487.626:2227): avc: denied { open } for comm="recovery" path="/data/misc_ce/0/apexdata/com.android.wifi" dev="dm-7" ino=5633 scontext=u:r:recovery:s0 tcontext=u:object_r:apex_wifi_data_file:s0 tclass=dir permissive=1
[   16.384718] type=1400 audit(1780147487.626:2228): avc: denied { search } for comm="recovery" name="com.android.wifi" dev="dm-7" ino=5633 scontext=u:r:recovery:s0 tcontext=u:object_r:apex_wifi_data_file:s0 tclass=dir permissive=1
[   16.386379] type=1400 audit(1780147487.630:2229): avc: denied { getattr } for comm="recovery" path="/data/system_ce/0/shortcut_service/bitmaps/com.android.messaging" dev="dm-7" ino=25140 scontext=u:r:recovery:s0 tcontext=u:object_r:shortcut_manager_icons:s0 tclass=dir permissive=1
[   16.386414] type=1400 audit(1780147487.630:2230): avc: denied { read } for comm="recovery" name="com.android.messaging" dev="dm-7" ino=25140 scontext=u:r:recovery:s0 tcontext=u:object_r:shortcut_manager_icons:s0 tclass=dir permissive=1
[   16.386446] type=1400 audit(1780147487.630:2231): avc: denied { open } for comm="recovery" path="/data/system_ce/0/shortcut_service/bitmaps/com.android.messaging" dev="dm-7" ino=25140 scontext=u:r:recovery:s0 tcontext=u:object_r:shortcut_manager_icons:s0 tclass=dir permissive=1
[   16.386473] type=1400 audit(1780147487.630:2232): avc: denied { search } for comm="recovery" name="com.android.messaging" dev="dm-7" ino=25140 scontext=u:r:recovery:s0 tcontext=u:object_r:shortcut_manager_icons:s0 tclass=dir permissive=1
[   16.386500] type=1400 audit(1780147487.630:2233): avc: denied { getattr } for comm="recovery" path="/data/system_ce/0/shortcut_service/bitmaps/com.android.messaging/1779452214920.png" dev="dm-7" ino=113614 scontext=u:r:recovery:s0 tcontext=u:object_r:shortcut_manager_icons:s0 tclass=file permissive=1
[   16.387079] type=1400 audit(1780147487.630:2234): avc: denied { getattr } for comm="recovery" path="/data/system_de/0/ringtones" dev="dm-7" ino=5160 scontext=u:r:recovery:s0 tcontext=u:object_r:ringtone_file:s0 tclass=dir permissive=1
[   16.387112] type=1400 audit(1780147487.630:2235): avc: denied { read } for comm="recovery" name="ringtones" dev="dm-7" ino=5160 scontext=u:r:recovery:s0 tcontext=u:object_r:ringtone_file:s0 tclass=dir permissive=1
[   16.387141] type=1400 audit(1780147487.630:2236): avc: denied { open } for comm="recovery" path="/data/system_de/0/ringtones" dev="dm-7" ino=5160 scontext=u:r:recovery:s0 tcontext=u:object_r:ringtone_file:s0 tclass=dir permissive=1
[   16.387167] type=1400 audit(1780147487.630:2237): avc: denied { search } for comm="recovery" name="ringtones" dev="dm-7" ino=5160 scontext=u:r:recovery:s0 tcontext=u:object_r:ringtone_file:s0 tclass=dir permissive=1
[   16.387192] type=1400 audit(1780147487.630:2238): avc: denied { getattr } for comm="recovery" path="/data/system_de/0/ringtones/ringtone_cache" dev="dm-7" ino=7809 scontext=u:r:recovery:s0 tcontext=u:object_r:ringtone_file:s0 tclass=file permissive=1
[   16.387240] type=1400 audit(1780147487.630:2239): avc: denied { getattr } for comm="recovery" path="/data/user_de/0/com.android.uwb.resources" dev="dm-7" ino=2806 scontext=u:r:recovery:s0 tcontext=u:object_r:privapp_data_file:s0:c512,c768 tclass=dir permissive=1
[   16.387277] type=1400 audit(1780147487.630:2240): avc: denied { read } for comm="recovery" name="com.android.uwb.resources" dev="dm-7" ino=2806 scontext=u:r:recovery:s0 tcontext=u:object_r:privapp_data_file:s0:c512,c768 tclass=dir permissive=1
[   16.387305] type=1400 audit(1780147487.630:2241): avc: denied { open } for comm="recovery" path="/data/user_de/0/com.android.uwb.resources" dev="dm-7" ino=2806 scontext=u:r:recovery:s0 tcontext=u:object_r:privapp_data_file:s0:c512,c768 tclass=dir permissive=1
[   16.387331] type=1400 audit(1780147487.630:2242): avc: denied { search } for comm="recovery" name="com.android.uwb.resources" dev="dm-7" ino=2806 scontext=u:r:recovery:s0 tcontext=u:object_r:privapp_data_file:s0:c512,c768 tclass=dir permissive=1
[   16.387438] type=1400 audit(1780147487.630:2243): avc: denied { getattr } for comm="recovery" path="/data/user_de/0/com.android.providers.telephony/shared_prefs/CarrierIdProvider.xml" dev="dm-7" ino=5429 scontext=u:r:recovery:s0 tcontext=u:object_r:radio_data_file:s0 tclass=file permissive=1
[   16.387525] type=1400 audit(1780147487.630:2244): avc: denied { getattr } for comm="recovery" path="/data/user_de/0/com.google.android.ext.shared" dev="dm-7" ino=2821 scontext=u:r:recovery:s0 tcontext=u:object_r:app_data_file:s0:c151,c256,c512,c768 tclass=dir permissive=1
[   16.387554] type=1400 audit(1780147487.630:2245): avc: denied { read } for comm="recovery" name="com.google.android.ext.shared" dev="dm-7" ino=2821 scontext=u:r:recovery:s0 tcontext=u:object_r:app_data_file:s0:c151,c256,c512,c768 tclass=dir permissive=1
[   16.387582] type=1400 audit(1780147487.630:2246): avc: denied { open } for comm="recovery" path="/data/user_de/0/com.google.android.ext.shared" dev="dm-7" ino=2821 scontext=u:r:recovery:s0 tcontext=u:object_r:app_data_file:s0:c151,c256,c512,c768 tclass=dir permissive=1
[   16.387610] type=1400 audit(1780147487.630:2247): avc: denied { search } for comm="recovery" name="com.google.android.ext.shared" dev="dm-7" ino=2821 scontext=u:r:recovery:s0 tcontext=u:object_r:app_data_file:s0:c151,c256,c512,c768 tclass=dir permissive=1
[   16.387637] type=1400 audit(1780147487.630:2248): avc: denied { getattr } for comm="recovery" path="/data/user_de/0/com.google.android.server.deviceconfig.resources" dev="dm-7" ino=2826 scontext=u:r:recovery:s0 tcontext=u:object_r:app_data_file:s0:c69,c257,c512,c768 tclass=dir permissive=1
[   16.387662] type=1400 audit(1780147487.630:2249): avc: denied { read } for comm="recovery" name="com.google.android.server.deviceconfig.resources" dev="dm-7" ino=2826 scontext=u:r:recovery:s0 tcontext=u:object_r:app_data_file:s0:c69,c257,c512,c768 tclass=dir permissive=1
[   16.387688] type=1400 audit(1780147487.630:2250): avc: denied { open } for comm="recovery" path="/data/user_de/0/com.google.android.server.deviceconfig.resources" dev="dm-7" ino=2826 scontext=u:r:recovery:s0 tcontext=u:object_r:app_data_file:s0:c69,c257,c512,c768 tclass=dir permissive=1
[   16.387716] type=1400 audit(1780147487.630:2251): avc: denied { search } for comm="recovery" name="com.google.android.server.deviceconfig.resources" dev="dm-7" ino=2826 scontext=u:r:recovery:s0 tcontext=u:object_r:app_data_file:s0:c69,c257,c512,c768 tclass=dir permissive=1
[   16.387742] type=1400 audit(1780147487.630:2252): avc: denied { getattr } for comm="recovery" path="/data/user_de/0/com.android.phone.overlay.motcommon" dev="dm-7" ino=2831 scontext=u:r:recovery:s0 tcontext=u:object_r:app_data_file:s0:c512,c768 tclass=dir permissive=1
[   16.387768] type=1400 audit(1780147487.630:2253): avc: denied { read } for comm="recovery" name="com.android.phone.overlay.motcommon" dev="dm-7" ino=2831 scontext=u:r:recovery:s0 tcontext=u:object_r:app_data_file:s0:c512,c768 tclass=dir permissive=1
[   16.387794] type=1400 audit(1780147487.630:2254): avc: denied { open } for comm="recovery" path="/data/user_de/0/com.android.phone.overlay.motcommon" dev="dm-7" ino=2831 scontext=u:r:recovery:s0 tcontext=u:object_r:app_data_file:s0:c512,c768 tclass=dir permissive=1
[   16.387821] type=1400 audit(1780147487.630:2255): avc: denied { search } for comm="recovery" name="com.android.phone.overlay.motcommon" dev="dm-7" ino=2831 scontext=u:r:recovery:s0 tcontext=u:object_r:app_data_file:s0:c512,c768 tclass=dir permissive=1
[   16.387847] type=1400 audit(1780147487.630:2256): avc: denied { getattr } for comm="recovery" path="/data/user_de/0/com.qualcomm.qti.telephonyservice" dev="dm-7" ino=2846 scontext=u:r:recovery:s0 tcontext=u:object_r:app_data_file:s0:c238,c256,c512,c768 tclass=dir permissive=1
[   16.387873] type=1400 audit(1780147487.630:2257): avc: denied { read } for comm="recovery" name="com.qualcomm.qti.telephonyservice" dev="dm-7" ino=2846 scontext=u:r:recovery:s0 tcontext=u:object_r:app_data_file:s0:c238,c256,c512,c768 tclass=dir permissive=1
[   16.387900] type=1400 audit(1780147487.630:2258): avc: denied { open } for comm="recovery" path="/data/user_de/0/com.qualcomm.qti.telephonyservice" dev="dm-7" ino=2846 scontext=u:r:recovery:s0 tcontext=u:object_r:app_data_file:s0:c238,c256,c512,c768 tclass=dir permissive=1
[   16.387927] type=1400 audit(1780147487.630:2259): avc: denied { search } for comm="recovery" name="com.qualcomm.qti.telephonyservice" dev="dm-7" ino=2846 scontext=u:r:recovery:s0 tcontext=u:object_r:app_data_file:s0:c238,c256,c512,c768 tclass=dir permissive=1
[   16.387953] type=1400 audit(1780147487.630:2260): avc: denied { getattr } for comm="recovery" path="/data/user_de/0/vendor.qti.data.txpwradmin/cache/oat_primary" dev="dm-7" ino=5584 scontext=u:r:recovery:s0 tcontext=u:object_r:app_data_file:s0:c165,c256,c512,c768 tclass=dir permissive=1
[   16.387981] type=1400 audit(1780147487.630:2261): avc: denied { read } for comm="recovery" name="oat_primary" dev="dm-7" ino=5584 scontext=u:r:recovery:s0 tcontext=u:object_r:app_data_file:s0:c165,c256,c512,c768 tclass=dir permissive=1
[   16.388007] type=1400 audit(1780147487.630:2262): avc: denied { open } for comm="recovery" path="/data/user_de/0/vendor.qti.data.txpwradmin/cache/oat_primary" dev="dm-7" ino=5584 scontext=u:r:recovery:s0 tcontext=u:object_r:app_data_file:s0:c165,c256,c512,c768 tclass=dir permissive=1
[   16.388033] type=1400 audit(1780147487.630:2263): avc: denied { search } for comm="recovery" name="oat_primary" dev="dm-7" ino=5584 scontext=u:r:recovery:s0 tcontext=u:object_r:app_data_file:s0:c165,c256,c512,c768 tclass=dir permissive=1
[   16.388059] type=1400 audit(1780147487.630:2264): avc: denied { getattr } for comm="recovery" path="/data/user_de/0/com.wapi.wapicertmanage" dev="dm-7" ino=2861 scontext=u:r:recovery:s0 tcontext=u:object_r:system_app_data_file:s0 tclass=dir permissive=1
[   16.388086] type=1400 audit(1780147487.630:2265): avc: denied { read } for comm="recovery" name="com.wapi.wapicertmanage" dev="dm-7" ino=2861 scontext=u:r:recovery:s0 tcontext=u:object_r:system_app_data_file:s0 tclass=dir permissive=1
[   16.388111] type=1400 audit(1780147487.630:2266): avc: denied { open } for comm="recovery" path="/data/user_de/0/com.wapi.wapicertmanage" dev="dm-7" ino=2861 scontext=u:r:recovery:s0 tcontext=u:object_r:system_app_data_file:s0 tclass=dir permissive=1
[   16.388137] type=1400 audit(1780147487.630:2267): avc: denied { search } for comm="recovery" name="com.wapi.wapicertmanage" dev="dm-7" ino=2861 scontext=u:r:recovery:s0 tcontext=u:object_r:system_app_data_file:s0 tclass=dir permissive=1
[   16.388299] type=1400 audit(1780147487.630:2268): avc: denied { getattr } for comm="recovery" path="/data/user_de/0/org.codeaurora.ims" dev="dm-7" ino=2881 scontext=u:r:recovery:s0 tcontext=u:object_r:app_data_file:s0:c33,c257,c512,c768 tclass=dir permissive=1
[   16.388329] type=1400 audit(1780147487.630:2269): avc: denied { read } for comm="recovery" name="org.codeaurora.ims" dev="dm-7" ino=2881 scontext=u:r:recovery:s0 tcontext=u:object_r:app_data_file:s0:c33,c257,c512,c768 tclass=dir permissive=1
[   16.388354] type=1400 audit(1780147487.630:2270): avc: denied { open } for comm="recovery" path="/data/user_de/0/org.codeaurora.ims" dev="dm-7" ino=2881 scontext=u:r:recovery:s0 tcontext=u:object_r:app_data_file:s0:c33,c257,c512,c768 tclass=dir permissive=1
[   16.388380] type=1400 audit(1780147487.630:2271): avc: denied { search } for comm="recovery" name="org.codeaurora.ims" dev="dm-7" ino=2881 scontext=u:r:recovery:s0 tcontext=u:object_r:app_data_file:s0:c33,c257,c512,c768 tclass=dir permissive=1
[   16.388792] type=1400 audit(1780147487.634:2272): avc: denied { getattr } for comm="recovery" path="/data/user_de/0/com.android.server.telecom/files/phone-account-registrar-state.xml" dev="dm-7" ino=92086 scontext=u:r:recovery:s0 tcontext=u:object_r:system_app_data_file:s0 tclass=file permissive=1
[   16.389112] type=1400 audit(1780147487.634:2273): avc: denied { getattr } for comm="recovery" path="/data/user_de/0/com.android.intentresolver/cache/com.android.skia.shaders_cache" dev="dm-7" ino=14502 scontext=u:r:recovery:s0 tcontext=u:object_r:app_data_file:s0:c512,c768 tclass=file permissive=1
[   16.389143] type=1400 audit(1780147487.634:2274): avc: denied { getattr } for comm="recovery" path="/data/user_de/0/com.android.inputmethod.latin" dev="dm-7" ino=2951 scontext=u:r:recovery:s0 tcontext=u:object_r:app_data_file:s0:c229,c256,c512,c768 tclass=dir permissive=1
[   16.389169] type=1400 audit(1780147487.634:2275): avc: denied { read } for comm="recovery" name="com.android.inputmethod.latin" dev="dm-7" ino=2951 scontext=u:r:recovery:s0 tcontext=u:object_r:app_data_file:s0:c229,c256,c512,c768 tclass=dir permissive=1
[   16.389196] type=1400 audit(1780147487.634:2276): avc: denied { open } for comm="recovery" path="/data/user_de/0/com.android.inputmethod.latin" dev="dm-7" ino=2951 scontext=u:r:recovery:s0 tcontext=u:object_r:app_data_file:s0:c229,c256,c512,c768 tclass=dir permissive=1
[   16.389222] type=1400 audit(1780147487.634:2277): avc: denied { search } for comm="recovery" name="com.android.inputmethod.latin" dev="dm-7" ino=2951 scontext=u:r:recovery:s0 tcontext=u:object_r:app_data_file:s0:c229,c256,c512,c768 tclass=dir permissive=1
[   16.389249] type=1400 audit(1780147487.634:2278): avc: denied { getattr } for comm="recovery" path="/data/user_de/0/com.android.inputmethod.latin/cache/oat_primary/arm64/LatinIME.art" dev="dm-7" ino=29790 scontext=u:r:recovery:s0 tcontext=u:object_r:app_data_file:s0:c229,c256,c512,c768 tclass=file permissive=1
[   16.389581] type=1400 audit(1780147487.634:2279): avc: denied { getattr } for comm="recovery" path="/data/user_de/0/com.qualcomm.qti.cne/cache/oat_primary" dev="dm-7" ino=5729 scontext=u:r:recovery:s0 tcontext=u:object_r:app_data_file:s0:c163,c256,c512,c768 tclass=dir permissive=1
[   16.389613] type=1400 audit(1780147487.634:2280): avc: denied { read } for comm="recovery" name="oat_primary" dev="dm-7" ino=5729 scontext=u:r:recovery:s0 tcontext=u:object_r:app_data_file:s0:c163,c256,c512,c768 tclass=dir permissive=1
[   16.389640] type=1400 audit(1780147487.634:2281): avc: denied { open } for comm="recovery" path="/data/user_de/0/com.qualcomm.qti.cne/cache/oat_primary" dev="dm-7" ino=5729 scontext=u:r:recovery:s0 tcontext=u:object_r:app_data_file:s0:c163,c256,c512,c768 tclass=dir permissive=1
[   16.389668] type=1400 audit(1780147487.634:2282): avc: denied { search } for comm="recovery" name="oat_primary" dev="dm-7" ino=5729 scontext=u:r:recovery:s0 tcontext=u:object_r:app_data_file:s0:c163,c256,c512,c768 tclass=dir permissive=1
[   16.389694] type=1400 audit(1780147487.634:2283): avc: denied { getattr } for comm="recovery" path="/data/user_de/0/com.qualcomm.qti.cne/cache/oat_primary/arm64/IWlanService.art" dev="dm-7" ino=88030 scontext=u:r:recovery:s0 tcontext=u:object_r:app_data_file:s0:c163,c256,c512,c768 tclass=file permissive=1
[   16.389903] type=1400 audit(1780147487.634:2284): avc: denied { getattr } for comm="recovery" path="/data/user_de/0/com.android.shell/cache/oat_primary/arm64/Shell.art" dev="dm-7" ino=11097 scontext=u:r:recovery:s0 tcontext=u:object_r:shell_data_file:s0 tclass=file permissive=1
[   16.390168] type=1400 audit(1780147487.634:2285): avc: denied { getattr } for comm="recovery" path="/data/user_de/0/com.android.permissioncontroller" dev="dm-7" ino=3001 scontext=u:r:recovery:s0 tcontext=u:object_r:privapp_data_file:s0:c48,c257,c512,c768 tclass=dir permissive=1
[   16.390198] type=1400 audit(1780147487.634:2286): avc: denied { read } for comm="recovery" name="com.android.permissioncontroller" dev="dm-7" ino=3001 scontext=u:r:recovery:s0 tcontext=u:object_r:privapp_data_file:s0:c48,c257,c512,c768 tclass=dir permissive=1
[   16.390224] type=1400 audit(1780147487.634:2287): avc: denied { open } for comm="recovery" path="/data/user_de/0/com.android.permissioncontroller" dev="dm-7" ino=3001 scontext=u:r:recovery:s0 tcontext=u:object_r:privapp_data_file:s0:c48,c257,c512,c768 tclass=dir permissive=1
[   16.390254] type=1400 audit(1780147487.634:2288): avc: denied { search } for comm="recovery" name="com.android.permissioncontroller" dev="dm-7" ino=3001 scontext=u:r:recovery:s0 tcontext=u:object_r:privapp_data_file:s0:c48,c257,c512,c768 tclass=dir permissive=1
[   16.390282] type=1400 audit(1780147487.634:2289): avc: denied { getattr } for comm="recovery" path="/data/user_de/0/com.android.permissioncontroller/cache/com.android.skia.shaders_cache" dev="dm-7" ino=137370 scontext=u:r:recovery:s0 tcontext=u:object_r:privapp_data_file:s0:c48,c257,c512,c768 tclass=file permissive=1
[   16.390400] type=1400 audit(1780147487.634:2290): avc: denied { getattr } for comm="recovery" path="/data/user_de/0/com.android.internal.display.cutout.emulation.noCutout" dev="dm-7" ino=3018 scontext=u:r:recovery:s0 tcontext=u:object_r:app_data_file:s0:c10,c256,c512,c768 tclass=dir permissive=1
[   16.390431] type=1400 audit(1780147487.634:2291): avc: denied { read } for comm="recovery" name="com.android.internal.display.cutout.emulation.noCutout" dev="dm-7" ino=3018 scontext=u:r:recovery:s0 tcontext=u:object_r:app_data_file:s0:c10,c256,c512,c768 tclass=dir permissive=1
[   16.390460] type=1400 audit(1780147487.634:2292): avc: denied { open } for comm="recovery" path="/data/user_de/0/com.android.internal.display.cutout.emulation.noCutout" dev="dm-7" ino=3018 scontext=u:r:recovery:s0 tcontext=u:object_r:app_data_file:s0:c10,c256,c512,c768 tclass=dir permissive=1
[   16.390486] type=1400 audit(1780147487.634:2293): avc: denied { search } for comm="recovery" name="com.android.internal.display.cutout.emulation.noCutout" dev="dm-7" ino=3018 scontext=u:r:recovery:s0 tcontext=u:object_r:app_data_file:s0:c10,c256,c512,c768 tclass=dir permissive=1
[   16.390859] type=1400 audit(1780147487.634:2294): avc: denied { getattr } for comm="recovery" path="/data/user_de/0/com.android.internal.display.cutout.emulation.corner" dev="dm-7" ino=3068 scontext=u:r:recovery:s0 tcontext=u:object_r:app_data_file:s0:c11,c256,c512,c768 tclass=dir permissive=1
[   16.390892] type=1400 audit(1780147487.634:2295): avc: denied { read } for comm="recovery" name="com.android.internal.display.cutout.emulation.corner" dev="dm-7" ino=3068 scontext=u:r:recovery:s0 tcontext=u:object_r:app_data_file:s0:c11,c256,c512,c768 tclass=dir permissive=1
[   16.390918] type=1400 audit(1780147487.634:2296): avc: denied { open } for comm="recovery" path="/data/user_de/0/com.android.internal.display.cutout.emulation.corner" dev="dm-7" ino=3068 scontext=u:r:recovery:s0 tcontext=u:object_r:app_data_file:s0:c11,c256,c512,c768 tclass=dir permissive=1
[   16.390944] type=1400 audit(1780147487.634:2297): avc: denied { search } for comm="recovery" name="com.android.internal.display.cutout.emulation.corner" dev="dm-7" ino=3068 scontext=u:r:recovery:s0 tcontext=u:object_r:app_data_file:s0:c11,c256,c512,c768 tclass=dir permissive=1
[   16.390999] type=1400 audit(1780147487.634:2298): avc: denied { getattr } for comm="recovery" path="/data/user_de/0/com.sohu.inputmethod.sogou.moto" dev="dm-7" ino=3078 scontext=u:r:recovery:s0 tcontext=u:object_r:app_data_file:s0:c99,c257,c512,c768 tclass=dir permissive=1
[   16.391029] type=1400 audit(1780147487.634:2299): avc: denied { read } for comm="recovery" name="com.sohu.inputmethod.sogou.moto" dev="dm-7" ino=3078 scontext=u:r:recovery:s0 tcontext=u:object_r:app_data_file:s0:c99,c257,c512,c768 tclass=dir permissive=1
[   16.391058] type=1400 audit(1780147487.634:2300): avc: denied { open } for comm="recovery" path="/data/user_de/0/com.sohu.inputmethod.sogou.moto" dev="dm-7" ino=3078 scontext=u:r:recovery:s0 tcontext=u:object_r:app_data_file:s0:c99,c257,c512,c768 tclass=dir permissive=1
[   16.391083] type=1400 audit(1780147487.634:2301): avc: denied { search } for comm="recovery" name="com.sohu.inputmethod.sogou.moto" dev="dm-7" ino=3078 scontext=u:r:recovery:s0 tcontext=u:object_r:app_data_file:s0:c99,c257,c512,c768 tclass=dir permissive=1
[   16.391942] type=1400 audit(1780147487.634:2302): avc: denied { getattr } for comm="recovery" path="/data/user_de/0/com.android.internal.display.cutout.emulation.double" dev="dm-7" ino=3083 scontext=u:r:recovery:s0 tcontext=u:object_r:app_data_file:s0:c7,c256,c512,c768 tclass=dir permissive=1
[   16.391973] type=1400 audit(1780147487.634:2303): avc: denied { read } for comm="recovery" name="com.android.internal.display.cutout.emulation.double" dev="dm-7" ino=3083 scontext=u:r:recovery:s0 tcontext=u:object_r:app_data_file:s0:c7,c256,c512,c768 tclass=dir permissive=1
[   16.392000] type=1400 audit(1780147487.634:2304): avc: denied { open } for comm="recovery" path="/data/user_de/0/com.android.internal.display.cutout.emulation.double" dev="dm-7" ino=3083 scontext=u:r:recovery:s0 tcontext=u:object_r:app_data_file:s0:c7,c256,c512,c768 tclass=dir permissive=1
[   16.392026] type=1400 audit(1780147487.634:2305): avc: denied { search } for comm="recovery" name="com.android.internal.display.cutout.emulation.double" dev="dm-7" ino=3083 scontext=u:r:recovery:s0 tcontext=u:object_r:app_data_file:s0:c7,c256,c512,c768 tclass=dir permissive=1
[   16.392109] type=1400 audit(1780147487.634:2306): avc: denied { getattr } for comm="recovery" path="/data/user_de/0/com.android.theme.icon.pebble" dev="dm-7" ino=3098 scontext=u:r:recovery:s0 tcontext=u:object_r:app_data_file:s0:c25,c256,c512,c768 tclass=dir permissive=1
[   16.392141] type=1400 audit(1780147487.634:2307): avc: denied { read } for comm="recovery" name="com.android.theme.icon.pebble" dev="dm-7" ino=3098 scontext=u:r:recovery:s0 tcontext=u:object_r:app_data_file:s0:c25,c256,c512,c768 tclass=dir permissive=1
[   16.392167] type=1400 audit(1780147487.634:2308): avc: denied { open } for comm="recovery" path="/data/user_de/0/com.android.theme.icon.pebble" dev="dm-7" ino=3098 scontext=u:r:recovery:s0 tcontext=u:object_r:app_data_file:s0:c25,c256,c512,c768 tclass=dir permissive=1
[   16.392193] type=1400 audit(1780147487.634:2309): avc: denied { search } for comm="recovery" name="com.android.theme.icon.pebble" dev="dm-7" ino=3098 scontext=u:r:recovery:s0 tcontext=u:object_r:app_data_file:s0:c25,c256,c512,c768 tclass=dir permissive=1
[   16.392218] type=1400 audit(1780147487.634:2310): avc: denied { getattr } for comm="recovery" path="/data/user_de/0/com.android.theme.font.customizesource" dev="dm-7" ino=3103 scontext=u:r:recovery:s0 tcontext=u:object_r:app_data_file:s0:c15,c256,c512,c768 tclass=dir permissive=1
[   16.392245] type=1400 audit(1780147487.634:2311): avc: denied { read } for comm="recovery" name="com.android.theme.font.customizesource" dev="dm-7" ino=3103 scontext=u:r:recovery:s0 tcontext=u:object_r:app_data_file:s0:c15,c256,c512,c768 tclass=dir permissive=1
[   16.392269] type=1400 audit(1780147487.634:2312): avc: denied { open } for comm="recovery" path="/data/user_de/0/com.android.theme.font.customizesource" dev="dm-7" ino=3103 scontext=u:r:recovery:s0 tcontext=u:object_r:app_data_file:s0:c15,c256,c512,c768 tclass=dir permissive=1
[   16.392295] type=1400 audit(1780147487.634:2313): avc: denied { search } for comm="recovery" name="com.android.theme.font.customizesource" dev="dm-7" ino=3103 scontext=u:r:recovery:s0 tcontext=u:object_r:app_data_file:s0:c15,c256,c512,c768 tclass=dir permissive=1
[   16.392437] type=1400 audit(1780147487.634:2314): avc: denied { getattr } for comm="recovery" path="/data/user_de/0/com.lptiyu.tanke" dev="dm-7" ino=108608 scontext=u:r:recovery:s0 tcontext=u:object_r:app_data_file:s0:c77,c257,c512,c768 tclass=dir permissive=1
[   16.392467] type=1400 audit(1780147487.634:2315): avc: denied { read } for comm="recovery" name="com.lptiyu.tanke" dev="dm-7" ino=108608 scontext=u:r:recovery:s0 tcontext=u:object_r:app_data_file:s0:c77,c257,c512,c768 tclass=dir permissive=1
[   16.392494] type=1400 audit(1780147487.634:2316): avc: denied { open } for comm="recovery" path="/data/user_de/0/com.lptiyu.tanke" dev="dm-7" ino=108608 scontext=u:r:recovery:s0 tcontext=u:object_r:app_data_file:s0:c77,c257,c512,c768 tclass=dir permissive=1
[   16.392522] type=1400 audit(1780147487.634:2317): avc: denied { search } for comm="recovery" name="com.lptiyu.tanke" dev="dm-7" ino=108608 scontext=u:r:recovery:s0 tcontext=u:object_r:app_data_file:s0:c77,c257,c512,c768 tclass=dir permissive=1
[   16.392609] type=1400 audit(1780147487.634:2318): avc: denied { getattr } for comm="recovery" path="/data/user_de/0/com.android.virtualmachine.res" dev="dm-7" ino=3144 scontext=u:r:recovery:s0 tcontext=u:object_r:app_data_file:s0:c60,c257,c512,c768 tclass=dir permissive=1
[   16.392640] type=1400 audit(1780147487.634:2319): avc: denied { read } for comm="recovery" name="com.android.virtualmachine.res" dev="dm-7" ino=3144 scontext=u:r:recovery:s0 tcontext=u:object_r:app_data_file:s0:c60,c257,c512,c768 tclass=dir permissive=1
[   16.392665] type=1400 audit(1780147487.634:2320): avc: denied { open } for comm="recovery" path="/data/user_de/0/com.android.virtualmachine.res" dev="dm-7" ino=3144 scontext=u:r:recovery:s0 tcontext=u:object_r:app_data_file:s0:c60,c257,c512,c768 tclass=dir permissive=1
[   16.392690] type=1400 audit(1780147487.634:2321): avc: denied { search } for comm="recovery" name="com.android.virtualmachine.res" dev="dm-7" ino=3144 scontext=u:r:recovery:s0 tcontext=u:object_r:app_data_file:s0:c60,c257,c512,c768 tclass=dir permissive=1
[   16.392790] type=1400 audit(1780147487.638:2322): avc: denied { getattr } for comm="recovery" path="/data/user_de/0/com.google.android.federatedcompute" dev="dm-7" ino=3160 scontext=u:r:recovery:s0 tcontext=u:object_r:app_data_file:s0:c57,c257,c512,c768 tclass=dir permissive=1
[   16.392821] type=1400 audit(1780147487.638:2323): avc: denied { read } for comm="recovery" name="com.google.android.federatedcompute" dev="dm-7" ino=3160 scontext=u:r:recovery:s0 tcontext=u:object_r:app_data_file:s0:c57,c257,c512,c768 tclass=dir permissive=1
[   16.392850] type=1400 audit(1780147487.638:2324): avc: denied { open } for comm="recovery" path="/data/user_de/0/com.google.android.federatedcompute" dev="dm-7" ino=3160 scontext=u:r:recovery:s0 tcontext=u:object_r:app_data_file:s0:c57,c257,c512,c768 tclass=dir permissive=1
[   16.392878] type=1400 audit(1780147487.638:2325): avc: denied { search } for comm="recovery" name="com.google.android.federatedcompute" dev="dm-7" ino=3160 scontext=u:r:recovery:s0 tcontext=u:object_r:app_data_file:s0:c57,c257,c512,c768 tclass=dir permissive=1
[   16.393231] type=1400 audit(1780147487.638:2326): avc: denied { getattr } for comm="recovery" path="/data/user_de/0/bin.mt.termex" dev="dm-7" ino=161861 scontext=u:r:recovery:s0 tcontext=u:object_r:app_data_file:s0:c94,c257,c512,c768 tclass=dir permissive=1
[   16.393266] type=1400 audit(1780147487.638:2327): avc: denied { read } for comm="recovery" name="bin.mt.termex" dev="dm-7" ino=161861 scontext=u:r:recovery:s0 tcontext=u:object_r:app_data_file:s0:c94,c257,c512,c768 tclass=dir permissive=1
[   16.393294] type=1400 audit(1780147487.638:2328): avc: denied { open } for comm="recovery" path="/data/user_de/0/bin.mt.termex" dev="dm-7" ino=161861 scontext=u:r:recovery:s0 tcontext=u:object_r:app_data_file:s0:c94,c257,c512,c768 tclass=dir permissive=1
[   16.393320] type=1400 audit(1780147487.638:2329): avc: denied { search } for comm="recovery" name="bin.mt.termex" dev="dm-7" ino=161861 scontext=u:r:recovery:s0 tcontext=u:object_r:app_data_file:s0:c94,c257,c512,c768 tclass=dir permissive=1
[   16.393581] type=1400 audit(1780147487.638:2330): avc: denied { getattr } for comm="recovery" path="/data/user_de/0/com.motorola.setup.auto_generated_rro_product__" dev="dm-7" ino=3245 scontext=u:r:recovery:s0 tcontext=u:object_r:app_data_file:s0:c79,c256,c512,c768 tclass=dir permissive=1
[   16.393615] type=1400 audit(1780147487.638:2331): avc: denied { read } for comm="recovery" name="com.motorola.setup.auto_generated_rro_product__" dev="dm-7" ino=3245 scontext=u:r:recovery:s0 tcontext=u:object_r:app_data_file:s0:c79,c256,c512,c768 tclass=dir permissive=1
[   16.393642] type=1400 audit(1780147487.638:2332): avc: denied { open } for comm="recovery" path="/data/user_de/0/com.motorola.setup.auto_generated_rro_product__" dev="dm-7" ino=3245 scontext=u:r:recovery:s0 tcontext=u:object_r:app_data_file:s0:c79,c256,c512,c768 tclass=dir permissive=1
[   16.393667] type=1400 audit(1780147487.638:2333): avc: denied { search } for comm="recovery" name="com.motorola.setup.auto_generated_rro_product__" dev="dm-7" ino=3245 scontext=u:r:recovery:s0 tcontext=u:object_r:app_data_file:s0:c79,c256,c512,c768 tclass=dir permissive=1
[   16.393694] type=1400 audit(1780147487.638:2334): avc: denied { getattr } for comm="recovery" path="/data/user_de/0/com.tencent.qqmusic" dev="dm-7" ino=3250 scontext=u:r:recovery:s0 tcontext=u:object_r:app_data_file:s0:c97,c257,c512,c768 tclass=dir permissive=1
[   16.393719] type=1400 audit(1780147487.638:2335): avc: denied { read } for comm="recovery" name="com.tencent.qqmusic" dev="dm-7" ino=3250 scontext=u:r:recovery:s0 tcontext=u:object_r:app_data_file:s0:c97,c257,c512,c768 tclass=dir permissive=1
[   16.393744] type=1400 audit(1780147487.638:2336): avc: denied { open } for comm="recovery" path="/data/user_de/0/com.tencent.qqmusic" dev="dm-7" ino=3250 scontext=u:r:recovery:s0 tcontext=u:object_r:app_data_file:s0:c97,c257,c512,c768 tclass=dir permissive=1
[   16.393769] type=1400 audit(1780147487.638:2337): avc: denied { search } for comm="recovery" name="com.tencent.qqmusic" dev="dm-7" ino=3250 scontext=u:r:recovery:s0 tcontext=u:object_r:app_data_file:s0:c97,c257,c512,c768 tclass=dir permissive=1
[   16.393794] type=1400 audit(1780147487.638:2338): avc: denied { getattr } for comm="recovery" path="/data/user_de/0/com.android.providers.telephony.auto_generated_characteristics_rro" dev="dm-7" ino=3255 scontext=u:r:recovery:s0 tcontext=u:object_r:app_data_file:s0:c88,c256,c512,c768 tclass=dir permissive=1
[   16.393820] type=1400 audit(1780147487.638:2339): avc: denied { read } for comm="recovery" name="com.android.providers.telephony.auto_generated_characteristics_rro" dev="dm-7" ino=3255 scontext=u:r:recovery:s0 tcontext=u:object_r:app_data_file:s0:c88,c256,c512,c768 tclass=dir permissive=1
[   16.393845] type=1400 audit(1780147487.638:2340): avc: denied { open } for comm="recovery" path="/data/user_de/0/com.android.providers.telephony.auto_generated_characteristics_rro" dev="dm-7" ino=3255 scontext=u:r:recovery:s0 tcontext=u:object_r:app_data_file:s0:c88,c256,c512,c768 tclass=dir permissive=1
[   16.393871] type=1400 audit(1780147487.638:2341): avc: denied { search } for comm="recovery" name="com.android.providers.telephony.auto_generated_characteristics_rro" dev="dm-7" ino=3255 scontext=u:r:recovery:s0 tcontext=u:object_r:app_data_file:s0:c88,c256,c512,c768 tclass=dir permissive=1
[   16.393938] type=1400 audit(1780147487.638:2342): avc: denied { getattr } for comm="recovery" path="/data/user_de/0/com.qualcomm.uimremoteclient" dev="dm-7" ino=3277 scontext=u:r:recovery:s0 tcontext=u:object_r:app_data_file:s0:c240,c256,c512,c768 tclass=dir permissive=1
[   16.393969] type=1400 audit(1780147487.638:2343): avc: denied { read } for comm="recovery" name="com.qualcomm.uimremoteclient" dev="dm-7" ino=3277 scontext=u:r:recovery:s0 tcontext=u:object_r:app_data_file:s0:c240,c256,c512,c768 tclass=dir permissive=1
[   16.393996] type=1400 audit(1780147487.638:2344): avc: denied { open } for comm="recovery" path="/data/user_de/0/com.qualcomm.uimremoteclient" dev="dm-7" ino=3277 scontext=u:r:recovery:s0 tcontext=u:object_r:app_data_file:s0:c240,c256,c512,c768 tclass=dir permissive=1
[   16.394022] type=1400 audit(1780147487.638:2345): avc: denied { search } for comm="recovery" name="com.qualcomm.uimremoteclient" dev="dm-7" ino=3277 scontext=u:r:recovery:s0 tcontext=u:object_r:app_data_file:s0:c240,c256,c512,c768 tclass=dir permissive=1
[   16.394047] type=1400 audit(1780147487.638:2346): avc: denied { getattr } for comm="recovery" path="/data/user_de/0/com.android.htmlviewer" dev="dm-7" ino=3282 scontext=u:r:recovery:s0 tcontext=u:object_r:app_data_file:s0:c155,c256,c512,c768 tclass=dir permissive=1
[   16.394074] type=1400 audit(1780147487.638:2347): avc: denied { read } for comm="recovery" name="com.android.htmlviewer" dev="dm-7" ino=3282 scontext=u:r:recovery:s0 tcontext=u:object_r:app_data_file:s0:c155,c256,c512,c768 tclass=dir permissive=1
[   16.394102] type=1400 audit(1780147487.638:2348): avc: denied { open } for comm="recovery" path="/data/user_de/0/com.android.htmlviewer" dev="dm-7" ino=3282 scontext=u:r:recovery:s0 tcontext=u:object_r:app_data_file:s0:c155,c256,c512,c768 tclass=dir permissive=1
[   16.394128] type=1400 audit(1780147487.638:2349): avc: denied { search } for comm="recovery" name="com.android.htmlviewer" dev="dm-7" ino=3282 scontext=u:r:recovery:s0 tcontext=u:object_r:app_data_file:s0:c155,c256,c512,c768 tclass=dir permissive=1
[   16.394272] type=1400 audit(1780147487.638:2350): avc: denied { getattr } for comm="recovery" path="/data/user_de/0/com.google.android.health.connect.backuprestore" dev="dm-7" ino=3329 scontext=u:r:recovery:s0 tcontext=u:object_r:app_data_file:s0:c53,c257,c512,c768 tclass=dir permissive=1
[   16.394302] type=1400 audit(1780147487.638:2351): avc: denied { read } for comm="recovery" name="com.google.android.health.connect.backuprestore" dev="dm-7" ino=3329 scontext=u:r:recovery:s0 tcontext=u:object_r:app_data_file:s0:c53,c257,c512,c768 tclass=dir permissive=1
[   16.394329] type=1400 audit(1780147487.638:2352): avc: denied { open } for comm="recovery" path="/data/user_de/0/com.google.android.health.connect.backuprestore" dev="dm-7" ino=3329 scontext=u:r:recovery:s0 tcontext=u:object_r:app_data_file:s0:c53,c257,c512,c768 tclass=dir permissive=1
[   16.394354] type=1400 audit(1780147487.638:2353): avc: denied { search } for comm="recovery" name="com.google.android.health.connect.backuprestore" dev="dm-7" ino=3329 scontext=u:r:recovery:s0 tcontext=u:object_r:app_data_file:s0:c53,c257,c512,c768 tclass=dir permissive=1
[   16.395047] type=1400 audit(1780147487.638:2354): avc: denied { getattr } for comm="recovery" path="/data/user_de/0/com.lenovo.xbb" dev="dm-7" ino=3474 scontext=u:r:recovery:s0 tcontext=u:object_r:app_data_file:s0:c101,c257,c512,c768 tclass=dir permissive=1
[   16.395077] type=1400 audit(1780147487.638:2355): avc: denied { read } for comm="recovery" name="com.lenovo.xbb" dev="dm-7" ino=3474 scontext=u:r:recovery:s0 tcontext=u:object_r:app_data_file:s0:c101,c257,c512,c768 tclass=dir permissive=1
[   16.395104] type=1400 audit(1780147487.638:2356): avc: denied { open } for comm="recovery" path="/data/user_de/0/com.lenovo.xbb" dev="dm-7" ino=3474 scontext=u:r:recovery:s0 tcontext=u:object_r:app_data_file:s0:c101,c257,c512,c768 tclass=dir permissive=1
[   16.395130] type=1400 audit(1780147487.638:2357): avc: denied { search } for comm="recovery" name="com.lenovo.xbb" dev="dm-7" ino=3474 scontext=u:r:recovery:s0 tcontext=u:object_r:app_data_file:s0:c101,c257,c512,c768 tclass=dir permissive=1
[   16.395156] type=1400 audit(1780147487.638:2358): avc: denied { getattr } for comm="recovery" path="/data/user_de/0/com.lenovo.xbb/cache/com.android.skia.shaders_cache" dev="dm-7" ino=138399 scontext=u:r:recovery:s0 tcontext=u:object_r:app_data_file:s0:c101,c257,c512,c768 tclass=file permissive=1
[   16.395275] type=1400 audit(1780147487.638:2359): avc: denied { getattr } for comm="recovery" path="/data/user_de/0/com.qualcomm.uimremoteserver" dev="dm-7" ino=3509 scontext=u:r:recovery:s0 tcontext=u:object_r:app_data_file:s0:c241,c256,c512,c768 tclass=dir permissive=1
[   16.395306] type=1400 audit(1780147487.638:2360): avc: denied { read } for comm="recovery" name="com.qualcomm.uimremoteserver" dev="dm-7" ino=3509 scontext=u:r:recovery:s0 tcontext=u:object_r:app_data_file:s0:c241,c256,c512,c768 tclass=dir permissive=1
[   16.395332] type=1400 audit(1780147487.638:2361): avc: denied { open } for comm="recovery" path="/data/user_de/0/com.qualcomm.uimremoteserver" dev="dm-7" ino=3509 scontext=u:r:recovery:s0 tcontext=u:object_r:app_data_file:s0:c241,c256,c512,c768 tclass=dir permissive=1
[   16.395358] type=1400 audit(1780147487.638:2362): avc: denied { search } for comm="recovery" name="com.qualcomm.uimremoteserver" dev="dm-7" ino=3509 scontext=u:r:recovery:s0 tcontext=u:object_r:app_data_file:s0:c241,c256,c512,c768 tclass=dir permissive=1
[   16.395621] type=1400 audit(1780147487.638:2363): avc: denied { getattr } for comm="recovery" path="/data/user_de/0/com.android.internal.display.cutout.emulation.hole" dev="dm-7" ino=3594 scontext=u:r:recovery:s0 tcontext=u:object_r:app_data_file:s0:c9,c256,c512,c768 tclass=dir permissive=1
[   16.395850] type=1400 audit(1780147487.638:2364): avc: denied { read } for comm="recovery" name="com.android.internal.display.cutout.emulation.hole" dev="dm-7" ino=3594 scontext=u:r:recovery:s0 tcontext=u:object_r:app_data_file:s0:c9,c256,c512,c768 tclass=dir permissive=1
[   16.395880] type=1400 audit(1780147487.638:2365): avc: denied { open } for comm="recovery" path="/data/user_de/0/com.android.internal.display.cutout.emulation.hole" dev="dm-7" ino=3594 scontext=u:r:recovery:s0 tcontext=u:object_r:app_data_file:s0:c9,c256,c512,c768 tclass=dir permissive=1
[   16.395907] type=1400 audit(1780147487.638:2366): avc: denied { search } for comm="recovery" name="com.android.internal.display.cutout.emulation.hole" dev="dm-7" ino=3594 scontext=u:r:recovery:s0 tcontext=u:object_r:app_data_file:s0:c9,c256,c512,c768 tclass=dir permissive=1
[   16.395933] type=1400 audit(1780147487.638:2367): avc: denied { getattr } for comm="recovery" path="/data/user_de/0/com.google.android.marvin.talkback" dev="dm-7" ino=3609 scontext=u:r:recovery:s0 tcontext=u:object_r:app_data_file:s0:c243,c256,c512,c768 tclass=dir permissive=1
[   16.395961] type=1400 audit(1780147487.638:2368): avc: denied { read } for comm="recovery" name="com.google.android.marvin.talkback" dev="dm-7" ino=3609 scontext=u:r:recovery:s0 tcontext=u:object_r:app_data_file:s0:c243,c256,c512,c768 tclass=dir permissive=1
[   16.395987] type=1400 audit(1780147487.638:2369): avc: denied { open } for comm="recovery" path="/data/user_de/0/com.google.android.marvin.talkback" dev="dm-7" ino=3609 scontext=u:r:recovery:s0 tcontext=u:object_r:app_data_file:s0:c243,c256,c512,c768 tclass=dir permissive=1
[   16.396013] type=1400 audit(1780147487.638:2370): avc: denied { search } for comm="recovery" name="com.google.android.marvin.talkback" dev="dm-7" ino=3609 scontext=u:r:recovery:s0 tcontext=u:object_r:app_data_file:s0:c243,c256,c512,c768 tclass=dir permissive=1
[   16.396076] type=1400 audit(1780147487.638:2371): avc: denied { getattr } for comm="recovery" path="/data/user_de/0/com.lenovo.lfh.smartscanner" dev="dm-7" ino=3674 scontext=u:r:recovery:s0 tcontext=u:object_r:app_data_file:s0:c80,c257,c512,c768 tclass=dir permissive=1
[   16.396107] type=1400 audit(1780147487.638:2372): avc: denied { read } for comm="recovery" name="com.lenovo.lfh.smartscanner" dev="dm-7" ino=3674 scontext=u:r:recovery:s0 tcontext=u:object_r:app_data_file:s0:c80,c257,c512,c768 tclass=dir permissive=1
[   16.396134] type=1400 audit(1780147487.638:2373): avc: denied { open } for comm="recovery" path="/data/user_de/0/com.lenovo.lfh.smartscanner" dev="dm-7" ino=3674 scontext=u:r:recovery:s0 tcontext=u:object_r:app_data_file:s0:c80,c257,c512,c768 tclass=dir permissive=1
[   16.396160] type=1400 audit(1780147487.638:2374): avc: denied { search } for comm="recovery" name="com.lenovo.lfh.smartscanner" dev="dm-7" ino=3674 scontext=u:r:recovery:s0 tcontext=u:object_r:app_data_file:s0:c80,c257,c512,c768 tclass=dir permissive=1
[   16.396186] type=1400 audit(1780147487.638:2375): avc: denied { getattr } for comm="recovery" path="/data/user_de/0/com.baidu.searchbox" dev="dm-7" ino=3679 scontext=u:r:recovery:s0 tcontext=u:object_r:app_data_file:s0:c76,c257,c512,c768 tclass=dir permissive=1
[   16.396211] type=1400 audit(1780147487.638:2376): avc: denied { read } for comm="recovery" name="com.baidu.searchbox" dev="dm-7" ino=3679 scontext=u:r:recovery:s0 tcontext=u:object_r:app_data_file:s0:c76,c257,c512,c768 tclass=dir permissive=1
[   16.396235] type=1400 audit(1780147487.638:2377): avc: denied { open } for comm="recovery" path="/data/user_de/0/com.baidu.searchbox" dev="dm-7" ino=3679 scontext=u:r:recovery:s0 tcontext=u:object_r:app_data_file:s0:c76,c257,c512,c768 tclass=dir permissive=1
[   16.396260] type=1400 audit(1780147487.638:2378): avc: denied { search } for comm="recovery" name="com.baidu.searchbox" dev="dm-7" ino=3679 scontext=u:r:recovery:s0 tcontext=u:object_r:app_data_file:s0:c76,c257,c512,c768 tclass=dir permissive=1
[   16.398552] type=1400 audit(1780147487.642:2379): avc: denied { getattr } for comm="recovery" path="/data/user_de/0/com.android.systemui.auto_generated_rro_vendor__" dev="dm-7" ino=3784 scontext=u:r:recovery:s0 tcontext=u:object_r:app_data_file:s0:c103,c256,c512,c768 tclass=dir permissive=1
[   16.398587] type=1400 audit(1780147487.642:2380): avc: denied { read } for comm="recovery" name="com.android.systemui.auto_generated_rro_vendor__" dev="dm-7" ino=3784 scontext=u:r:recovery:s0 tcontext=u:object_r:app_data_file:s0:c103,c256,c512,c768 tclass=dir permissive=1
[   16.398615] type=1400 audit(1780147487.642:2381): avc: denied { open } for comm="recovery" path="/data/user_de/0/com.android.systemui.auto_generated_rro_vendor__" dev="dm-7" ino=3784 scontext=u:r:recovery:s0 tcontext=u:object_r:app_data_file:s0:c103,c256,c512,c768 tclass=dir permissive=1
[   16.398642] type=1400 audit(1780147487.642:2382): avc: denied { search } for comm="recovery" name="com.android.systemui.auto_generated_rro_vendor__" dev="dm-7" ino=3784 scontext=u:r:recovery:s0 tcontext=u:object_r:app_data_file:s0:c103,c256,c512,c768 tclass=dir permissive=1
[   16.398669] type=1400 audit(1780147487.642:2383): avc: denied { getattr } for comm="recovery" path="/data/user_de/0/com.google.android.trichromelibrary_715111533" dev="dm-7" ino=3789 scontext=u:r:recovery:s0 tcontext=u:object_r:app_data_file:s0:c228,c256,c512,c768 tclass=dir permissive=1
[   16.398695] type=1400 audit(1780147487.642:2384): avc: denied { read } for comm="recovery" name="com.google.android.trichromelibrary_715111533" dev="dm-7" ino=3789 scontext=u:r:recovery:s0 tcontext=u:object_r:app_data_file:s0:c228,c256,c512,c768 tclass=dir permissive=1
[   16.398721] type=1400 audit(1780147487.642:2385): avc: denied { open } for comm="recovery" path="/data/user_de/0/com.google.android.trichromelibrary_715111533" dev="dm-7" ino=3789 scontext=u:r:recovery:s0 tcontext=u:object_r:app_data_file:s0:c228,c256,c512,c768 tclass=dir permissive=1
[   16.398748] type=1400 audit(1780147487.642:2386): avc: denied { search } for comm="recovery" name="com.google.android.trichromelibrary_715111533" dev="dm-7" ino=3789 scontext=u:r:recovery:s0 tcontext=u:object_r:app_data_file:s0:c228,c256,c512,c768 tclass=dir permissive=1
[   16.398967] type=1400 audit(1780147487.642:2387): avc: denied { getattr } for comm="recovery" path="/data/user_de/0/com.android.compos.payload" dev="dm-7" ino=3814 scontext=u:r:recovery:s0 tcontext=u:object_r:app_data_file:s0:c71,c257,c512,c768 tclass=dir permissive=1
[   16.399001] type=1400 audit(1780147487.642:2388): avc: denied { read } for comm="recovery" name="com.android.compos.payload" dev="dm-7" ino=3814 scontext=u:r:recovery:s0 tcontext=u:object_r:app_data_file:s0:c71,c257,c512,c768 tclass=dir permissive=1
[   16.399028] type=1400 audit(1780147487.642:2389): avc: denied { open } for comm="recovery" path="/data/user_de/0/com.android.compos.payload" dev="dm-7" ino=3814 scontext=u:r:recovery:s0 tcontext=u:object_r:app_data_file:s0:c71,c257,c512,c768 tclass=dir permissive=1
[   16.399054] type=1400 audit(1780147487.642:2390): avc: denied { search } for comm="recovery" name="com.android.compos.payload" dev="dm-7" ino=3814 scontext=u:r:recovery:s0 tcontext=u:object_r:app_data_file:s0:c71,c257,c512,c768 tclass=dir permissive=1
[   16.399302] type=1400 audit(1780147487.642:2391): avc: denied { getattr } for comm="recovery" path="/data/user_de/0/com.android.theme.icon.round" dev="dm-7" ino=3869 scontext=u:r:recovery:s0 tcontext=u:object_r:app_data_file:s0:c26,c256,c512,c768 tclass=dir permissive=1
[   16.399332] type=1400 audit(1780147487.642:2392): avc: denied { read } for comm="recovery" name="com.android.theme.icon.round" dev="dm-7" ino=3869 scontext=u:r:recovery:s0 tcontext=u:object_r:app_data_file:s0:c26,c256,c512,c768 tclass=dir permissive=1
[   16.399358] type=1400 audit(1780147487.642:2393): avc: denied { open } for comm="recovery" path="/data/user_de/0/com.android.theme.icon.round" dev="dm-7" ino=3869 scontext=u:r:recovery:s0 tcontext=u:object_r:app_data_file:s0:c26,c256,c512,c768 tclass=dir permissive=1
[   16.399384] type=1400 audit(1780147487.642:2394): avc: denied { search } for comm="recovery" name="com.android.theme.icon.round" dev="dm-7" ino=3869 scontext=u:r:recovery:s0 tcontext=u:object_r:app_data_file:s0:c26,c256,c512,c768 tclass=dir permissive=1
[   16.399413] type=1400 audit(1780147487.642:2395): avc: denied { getattr } for comm="recovery" path="/data/user_de/0/com.motorola.actions.overlay" dev="dm-7" ino=3884 scontext=u:r:recovery:s0 tcontext=u:object_r:app_data_file:s0:c100,c256,c512,c768 tclass=dir permissive=1
[   16.399438] type=1400 audit(1780147487.642:2396): avc: denied { read } for comm="recovery" name="com.motorola.actions.overlay" dev="dm-7" ino=3884 scontext=u:r:recovery:s0 tcontext=u:object_r:app_data_file:s0:c100,c256,c512,c768 tclass=dir permissive=1
[   16.399464] type=1400 audit(1780147487.642:2397): avc: denied { open } for comm="recovery" path="/data/user_de/0/com.motorola.actions.overlay" dev="dm-7" ino=3884 scontext=u:r:recovery:s0 tcontext=u:object_r:app_data_file:s0:c100,c256,c512,c768 tclass=dir permissive=1
[   16.399489] type=1400 audit(1780147487.642:2398): avc: denied { search } for comm="recovery" name="com.motorola.actions.overlay" dev="dm-7" ino=3884 scontext=u:r:recovery:s0 tcontext=u:object_r:app_data_file:s0:c100,c256,c512,c768 tclass=dir permissive=1
[   16.403718] type=1400 audit(1780147487.646:2399): avc: denied { getattr } for comm="recovery" path="/data/user_de/0/com.google.android.modulemetadata" dev="dm-7" ino=4039 scontext=u:r:recovery:s0 tcontext=u:object_r:app_data_file:s0:c232,c256,c512,c768 tclass=dir permissive=1
[   16.403753] type=1400 audit(1780147487.646:2400): avc: denied { read } for comm="recovery" name="com.google.android.modulemetadata" dev="dm-7" ino=4039 scontext=u:r:recovery:s0 tcontext=u:object_r:app_data_file:s0:c232,c256,c512,c768 tclass=dir permissive=1
[   16.403780] type=1400 audit(1780147487.646:2401): avc: denied { open } for comm="recovery" path="/data/user_de/0/com.google.android.modulemetadata" dev="dm-7" ino=4039 scontext=u:r:recovery:s0 tcontext=u:object_r:app_data_file:s0:c232,c256,c512,c768 tclass=dir permissive=1
[   16.403806] type=1400 audit(1780147487.646:2402): avc: denied { search } for comm="recovery" name="com.google.android.modulemetadata" dev="dm-7" ino=4039 scontext=u:r:recovery:s0 tcontext=u:object_r:app_data_file:s0:c232,c256,c512,c768 tclass=dir permissive=1
[   16.403834] type=1400 audit(1780147487.646:2403): avc: denied { getattr } for comm="recovery" path="/data/user_de/0/com.icoolme.android.weather" dev="dm-7" ino=4044 scontext=u:r:recovery:s0 tcontext=u:object_r:app_data_file:s0:c73,c257,c512,c768 tclass=dir permissive=1
[   16.403860] type=1400 audit(1780147487.646:2404): avc: denied { read } for comm="recovery" name="com.icoolme.android.weather" dev="dm-7" ino=4044 scontext=u:r:recovery:s0 tcontext=u:object_r:app_data_file:s0:c73,c257,c512,c768 tclass=dir permissive=1
[   16.403885] type=1400 audit(1780147487.646:2405): avc: denied { open } for comm="recovery" path="/data/user_de/0/com.icoolme.android.weather" dev="dm-7" ino=4044 scontext=u:r:recovery:s0 tcontext=u:object_r:app_data_file:s0:c73,c257,c512,c768 tclass=dir permissive=1
[   16.403910] type=1400 audit(1780147487.646:2406): avc: denied { search } for comm="recovery" name="com.icoolme.android.weather" dev="dm-7" ino=4044 scontext=u:r:recovery:s0 tcontext=u:object_r:app_data_file:s0:c73,c257,c512,c768 tclass=dir permissive=1
[   16.404047] type=1400 audit(1780147487.646:2407): avc: denied { getattr } for comm="recovery" path="/data/user_de/0/com.motorola.launcher3.auto_generated_rro_product__" dev="dm-7" ino=4059 scontext=u:r:recovery:s0 tcontext=u:object_r:app_data_file:s0:c31,c256,c512,c768 tclass=dir permissive=1
[   16.404083] type=1400 audit(1780147487.646:2408): avc: denied { read } for comm="recovery" name="com.motorola.launcher3.auto_generated_rro_product__" dev="dm-7" ino=4059 scontext=u:r:recovery:s0 tcontext=u:object_r:app_data_file:s0:c31,c256,c512,c768 tclass=dir permissive=1
[   16.404110] type=1400 audit(1780147487.646:2409): avc: denied { open } for comm="recovery" path="/data/user_de/0/com.motorola.launcher3.auto_generated_rro_product__" dev="dm-7" ino=4059 scontext=u:r:recovery:s0 tcontext=u:object_r:app_data_file:s0:c31,c256,c512,c768 tclass=dir permissive=1
[   16.404136] type=1400 audit(1780147487.646:2410): avc: denied { search } for comm="recovery" name="com.motorola.launcher3.auto_generated_rro_product__" dev="dm-7" ino=4059 scontext=u:r:recovery:s0 tcontext=u:object_r:app_data_file:s0:c31,c256,c512,c768 tclass=dir permissive=1
[   16.404201] type=1400 audit(1780147487.646:2411): avc: denied { getattr } for comm="recovery" path="/data/user_de/0/com.android.phone.auto_generated_characteristics_rro" dev="dm-7" ino=551 scontext=u:r:recovery:s0 tcontext=u:object_r:app_data_file:s0:c84,c256,c512,c768 tclass=dir permissive=1
[   16.404231] type=1400 audit(1780147487.646:2412): avc: denied { read } for comm="recovery" name="com.android.phone.auto_generated_characteristics_rro" dev="dm-7" ino=551 scontext=u:r:recovery:s0 tcontext=u:object_r:app_data_file:s0:c84,c256,c512,c768 tclass=dir permissive=1
[   16.404256] type=1400 audit(1780147487.646:2413): avc: denied { open } for comm="recovery" path="/data/user_de/0/com.android.phone.auto_generated_characteristics_rro" dev="dm-7" ino=551 scontext=u:r:recovery:s0 tcontext=u:object_r:app_data_file:s0:c84,c256,c512,c768 tclass=dir permissive=1
[   16.404283] type=1400 audit(1780147487.646:2414): avc: denied { search } for comm="recovery" name="com.android.phone.auto_generated_characteristics_rro" dev="dm-7" ino=551 scontext=u:r:recovery:s0 tcontext=u:object_r:app_data_file:s0:c84,c256,c512,c768 tclass=dir permissive=1
[   16.405042] type=1400 audit(1780147487.650:2415): avc: denied { getattr } for comm="recovery" path="/data/user_de/0/com.android.theme.font.hanyiqiheisource" dev="dm-7" ino=4374 scontext=u:r:recovery:s0 tcontext=u:object_r:app_data_file:s0:c13,c256,c512,c768 tclass=dir permissive=1
[   16.405079] type=1400 audit(1780147487.650:2416): avc: denied { read } for comm="recovery" name="com.android.theme.font.hanyiqiheisource" dev="dm-7" ino=4374 scontext=u:r:recovery:s0 tcontext=u:object_r:app_data_file:s0:c13,c256,c512,c768 tclass=dir permissive=1
[   16.405107] type=1400 audit(1780147487.650:2417): avc: denied { open } for comm="recovery" path="/data/user_de/0/com.android.theme.font.hanyiqiheisource" dev="dm-7" ino=4374 scontext=u:r:recovery:s0 tcontext=u:object_r:app_data_file:s0:c13,c256,c512,c768 tclass=dir permissive=1
[   16.405133] type=1400 audit(1780147487.650:2418): avc: denied { search } for comm="recovery" name="com.android.theme.font.hanyiqiheisource" dev="dm-7" ino=4374 scontext=u:r:recovery:s0 tcontext=u:object_r:app_data_file:s0:c13,c256,c512,c768 tclass=dir permissive=1
[   16.405201] type=1400 audit(1780147487.650:2419): avc: denied { getattr } for comm="recovery" path="/data/user_de/0/com.autonavi.minimap" dev="dm-7" ino=4439 scontext=u:r:recovery:s0 tcontext=u:object_r:app_data_file:s0:c74,c257,c512,c768 tclass=dir permissive=1
[   16.405236] type=1400 audit(1780147487.650:2420): avc: denied { read } for comm="recovery" name="com.autonavi.minimap" dev="dm-7" ino=4439 scontext=u:r:recovery:s0 tcontext=u:object_r:app_data_file:s0:c74,c257,c512,c768 tclass=dir permissive=1
[   16.405262] type=1400 audit(1780147487.650:2421): avc: denied { open } for comm="recovery" path="/data/user_de/0/com.autonavi.minimap" dev="dm-7" ino=4439 scontext=u:r:recovery:s0 tcontext=u:object_r:app_data_file:s0:c74,c257,c512,c768 tclass=dir permissive=1
[   16.405290] type=1400 audit(1780147487.650:2422): avc: denied { search } for comm="recovery" name="com.autonavi.minimap" dev="dm-7" ino=4439 scontext=u:r:recovery:s0 tcontext=u:object_r:app_data_file:s0:c74,c257,c512,c768 tclass=dir permissive=1
[   16.405369] type=1400 audit(1780147487.650:2423): avc: denied { getattr } for comm="recovery" path="/data/user_de/0/com.android.cts.ctsshim" dev="dm-7" ino=4469 scontext=u:r:recovery:s0 tcontext=u:object_r:app_data_file:s0:c50,c257,c512,c768 tclass=dir permissive=1
[   16.405404] type=1400 audit(1780147487.650:2424): avc: denied { read } for comm="recovery" name="com.android.cts.ctsshim" dev="dm-7" ino=4469 scontext=u:r:recovery:s0 tcontext=u:object_r:app_data_file:s0:c50,c257,c512,c768 tclass=dir permissive=1
[   16.405431] type=1400 audit(1780147487.650:2425): avc: denied { open } for comm="recovery" path="/data/user_de/0/com.android.cts.ctsshim" dev="dm-7" ino=4469 scontext=u:r:recovery:s0 tcontext=u:object_r:app_data_file:s0:c50,c257,c512,c768 tclass=dir permissive=1
[   16.405635] type=1400 audit(1780147487.650:2426): avc: denied { search } for comm="recovery" name="com.android.cts.ctsshim" dev="dm-7" ino=4469 scontext=u:r:recovery:s0 tcontext=u:object_r:app_data_file:s0:c50,c257,c512,c768 tclass=dir permissive=1
[   16.405666] type=1400 audit(1780147487.650:2427): avc: denied { getattr } for comm="recovery" path="/data/user_de/0/com.qualcomm.qti.uimGbaApp" dev="dm-7" ino=4509 scontext=u:r:recovery:s0 tcontext=u:object_r:app_data_file:s0:c239,c256,c512,c768 tclass=dir permissive=1
[   16.405692] type=1400 audit(1780147487.650:2428): avc: denied { read } for comm="recovery" name="com.qualcomm.qti.uimGbaApp" dev="dm-7" ino=4509 scontext=u:r:recovery:s0 tcontext=u:object_r:app_data_file:s0:c239,c256,c512,c768 tclass=dir permissive=1
[   16.405718] type=1400 audit(1780147487.650:2429): avc: denied { open } for comm="recovery" path="/data/user_de/0/com.qualcomm.qti.uimGbaApp" dev="dm-7" ino=4509 scontext=u:r:recovery:s0 tcontext=u:object_r:app_data_file:s0:c239,c256,c512,c768 tclass=dir permissive=1
[   16.405743] type=1400 audit(1780147487.650:2430): avc: denied { search } for comm="recovery" name="com.qualcomm.qti.uimGbaApp" dev="dm-7" ino=4509 scontext=u:r:recovery:s0 tcontext=u:object_r:app_data_file:s0:c239,c256,c512,c768 tclass=dir permissive=1
[   16.405869] type=1400 audit(1780147487.650:2431): avc: denied { getattr } for comm="recovery" path="/data/user_de/0/com.android.hotspot2.osulogin" dev="dm-7" ino=4604 scontext=u:r:recovery:s0 tcontext=u:object_r:app_data_file:s0:c65,c257,c512,c768 tclass=dir permissive=1
[   16.405904] type=1400 audit(1780147487.650:2432): avc: denied { read } for comm="recovery" name="com.android.hotspot2.osulogin" dev="dm-7" ino=4604 scontext=u:r:recovery:s0 tcontext=u:object_r:app_data_file:s0:c65,c257,c512,c768 tclass=dir permissive=1
[   16.405931] type=1400 audit(1780147487.650:2433): avc: denied { open } for comm="recovery" path="/data/user_de/0/com.android.hotspot2.osulogin" dev="dm-7" ino=4604 scontext=u:r:recovery:s0 tcontext=u:object_r:app_data_file:s0:c65,c257,c512,c768 tclass=dir permissive=1
[   16.405960] type=1400 audit(1780147487.650:2434): avc: denied { search } for comm="recovery" name="com.android.hotspot2.osulogin" dev="dm-7" ino=4604 scontext=u:r:recovery:s0 tcontext=u:object_r:app_data_file:s0:c65,c257,c512,c768 tclass=dir permissive=1
[   16.405985] type=1400 audit(1780147487.650:2435): avc: denied { getattr } for comm="recovery" path="/data/user_de/0/com.qualcomm.qti.xrcb" dev="dm-7" ino=4614 scontext=u:r:recovery:s0 tcontext=u:object_r:app_data_file:s0:c34,c257,c512,c768 tclass=dir permissive=1
[   16.406011] type=1400 audit(1780147487.650:2436): avc: denied { read } for comm="recovery" name="com.qualcomm.qti.xrcb" dev="dm-7" ino=4614 scontext=u:r:recovery:s0 tcontext=u:object_r:app_data_file:s0:c34,c257,c512,c768 tclass=dir permissive=1
[   16.406036] type=1400 audit(1780147487.650:2437): avc: denied { open } for comm="recovery" path="/data/user_de/0/com.qualcomm.qti.xrcb" dev="dm-7" ino=4614 scontext=u:r:recovery:s0 tcontext=u:object_r:app_data_file:s0:c34,c257,c512,c768 tclass=dir permissive=1
[   16.406062] type=1400 audit(1780147487.650:2438): avc: denied { search } for comm="recovery" name="com.qualcomm.qti.xrcb" dev="dm-7" ino=4614 scontext=u:r:recovery:s0 tcontext=u:object_r:app_data_file:s0:c34,c257,c512,c768 tclass=dir permissive=1
[   16.406088] type=1400 audit(1780147487.650:2439): avc: denied { getattr } for comm="recovery" path="/data/user_de/0/com.android.bluetoothmidiservice" dev="dm-7" ino=4654 scontext=u:r:recovery:s0 tcontext=u:object_r:app_data_file:s0:c146,c256,c512,c768 tclass=dir permissive=1
[   16.406113] type=1400 audit(1780147487.650:2440): avc: denied { read } for comm="recovery" name="com.android.bluetoothmidiservice" dev="dm-7" ino=4654 scontext=u:r:recovery:s0 tcontext=u:object_r:app_data_file:s0:c146,c256,c512,c768 tclass=dir permissive=1
[   16.406139] type=1400 audit(1780147487.650:2441): avc: denied { open } for comm="recovery" path="/data/user_de/0/com.android.bluetoothmidiservice" dev="dm-7" ino=4654 scontext=u:r:recovery:s0 tcontext=u:object_r:app_data_file:s0:c146,c256,c512,c768 tclass=dir permissive=1
[   16.406165] type=1400 audit(1780147487.650:2442): avc: denied { search } for comm="recovery" name="com.android.bluetoothmidiservice" dev="dm-7" ino=4654 scontext=u:r:recovery:s0 tcontext=u:object_r:app_data_file:s0:c146,c256,c512,c768 tclass=dir permissive=1
[   16.406257] type=1400 audit(1780147487.650:2443): avc: denied { getattr } for comm="recovery" path="/data/user_de/0/com.android.traceur" dev="dm-7" ino=4704 scontext=u:r:recovery:s0 tcontext=u:object_r:app_data_file:s0:c161,c256,c512,c768 tclass=dir permissive=1
[   16.406287] type=1400 audit(1780147487.650:2444): avc: denied { read } for comm="recovery" name="com.android.traceur" dev="dm-7" ino=4704 scontext=u:r:recovery:s0 tcontext=u:object_r:app_data_file:s0:c161,c256,c512,c768 tclass=dir permissive=1
[   16.406313] type=1400 audit(1780147487.650:2445): avc: denied { open } for comm="recovery" path="/data/user_de/0/com.android.traceur" dev="dm-7" ino=4704 scontext=u:r:recovery:s0 tcontext=u:object_r:app_data_file:s0:c161,c256,c512,c768 tclass=dir permissive=1
[   16.406340] type=1400 audit(1780147487.650:2446): avc: denied { search } for comm="recovery" name="com.android.traceur" dev="dm-7" ino=4704 scontext=u:r:recovery:s0 tcontext=u:object_r:app_data_file:s0:c161,c256,c512,c768 tclass=dir permissive=1
[   16.406366] type=1400 audit(1780147487.650:2447): avc: denied { getattr } for comm="recovery" path="/data/user_de/0/com.lenovoimage.MotoZXPrint" dev="dm-7" ino=4759 scontext=u:r:recovery:s0 tcontext=u:object_r:app_data_file:s0:c83,c257,c512,c768 tclass=dir permissive=1
[   16.406392] type=1400 audit(1780147487.650:2448): avc: denied { read } for comm="recovery" name="com.lenovoimage.MotoZXPrint" dev="dm-7" ino=4759 scontext=u:r:recovery:s0 tcontext=u:object_r:app_data_file:s0:c83,c257,c512,c768 tclass=dir permissive=1
[   16.406417] type=1400 audit(1780147487.650:2449): avc: denied { open } for comm="recovery" path="/data/user_de/0/com.lenovoimage.MotoZXPrint" dev="dm-7" ino=4759 scontext=u:r:recovery:s0 tcontext=u:object_r:app_data_file:s0:c83,c257,c512,c768 tclass=dir permissive=1
[   16.406444] type=1400 audit(1780147487.650:2450): avc: denied { search } for comm="recovery" name="com.lenovoimage.MotoZXPrint" dev="dm-7" ino=4759 scontext=u:r:recovery:s0 tcontext=u:object_r:app_data_file:s0:c83,c257,c512,c768 tclass=dir permissive=1
[   16.406470] type=1400 audit(1780147487.650:2451): avc: denied { getattr } for comm="recovery" path="/data/user_de/0/com.motorola.systemui.overlay.moto.sysbar" dev="dm-7" ino=4809 scontext=u:r:recovery:s0 tcontext=u:object_r:app_data_file:s0:c66,c256,c512,c768 tclass=dir permissive=1
[   16.406496] type=1400 audit(1780147487.650:2452): avc: denied { read } for comm="recovery" name="com.motorola.systemui.overlay.moto.sysbar" dev="dm-7" ino=4809 scontext=u:r:recovery:s0 tcontext=u:object_r:app_data_file:s0:c66,c256,c512,c768 tclass=dir permissive=1
[   16.406521] type=1400 audit(1780147487.650:2453): avc: denied { open } for comm="recovery" path="/data/user_de/0/com.motorola.systemui.overlay.moto.sysbar" dev="dm-7" ino=4809 scontext=u:r:recovery:s0 tcontext=u:object_r:app_data_file:s0:c66,c256,c512,c768 tclass=dir permissive=1
[   16.406548] type=1400 audit(1780147487.650:2454): avc: denied { search } for comm="recovery" name="com.motorola.systemui.overlay.moto.sysbar" dev="dm-7" ino=4809 scontext=u:r:recovery:s0 tcontext=u:object_r:app_data_file:s0:c66,c256,c512,c768 tclass=dir permissive=1
[   16.407214] type=1400 audit(1780147487.650:2455): avc: denied { getattr } for comm="recovery" path="/data/user_de/0/com.android.internal.display.cutout.emulation.waterfall" dev="dm-7" ino=4194 scontext=u:r:recovery:s0 tcontext=u:object_r:app_data_file:s0:c14,c256,c512,c768 tclass=dir permissive=1
[   16.407244] type=1400 audit(1780147487.650:2456): avc: denied { read } for comm="recovery" name="com.android.internal.display.cutout.emulation.waterfall" dev="dm-7" ino=4194 scontext=u:r:recovery:s0 tcontext=u:object_r:app_data_file:s0:c14,c256,c512,c768 tclass=dir permissive=1
[   16.407272] type=1400 audit(1780147487.650:2457): avc: denied { open } for comm="recovery" path="/data/user_de/0/com.android.internal.display.cutout.emulation.waterfall" dev="dm-7" ino=4194 scontext=u:r:recovery:s0 tcontext=u:object_r:app_data_file:s0:c14,c256,c512,c768 tclass=dir permissive=1
[   16.407298] type=1400 audit(1780147487.650:2458): avc: denied { search } for comm="recovery" name="com.android.internal.display.cutout.emulation.waterfall" dev="dm-7" ino=4194 scontext=u:r:recovery:s0 tcontext=u:object_r:app_data_file:s0:c14,c256,c512,c768 tclass=dir permissive=1
[   16.407792] type=1400 audit(1780147487.650:2459): avc: denied { getattr } for comm="recovery" path="/data/user_de/0/com.android.microdroid.empty_payload" dev="dm-7" ino=4524 scontext=u:r:recovery:s0 tcontext=u:object_r:app_data_file:s0:c59,c257,c512,c768 tclass=dir permissive=1
[   16.407822] type=1400 audit(1780147487.650:2460): avc: denied { read } for comm="recovery" name="com.android.microdroid.empty_payload" dev="dm-7" ino=4524 scontext=u:r:recovery:s0 tcontext=u:object_r:app_data_file:s0:c59,c257,c512,c768 tclass=dir permissive=1
[   16.407848] type=1400 audit(1780147487.650:2461): avc: denied { open } for comm="recovery" path="/data/user_de/0/com.android.microdroid.empty_payload" dev="dm-7" ino=4524 scontext=u:r:recovery:s0 tcontext=u:object_r:app_data_file:s0:c59,c257,c512,c768 tclass=dir permissive=1
[   16.407875] type=1400 audit(1780147487.650:2462): avc: denied { search } for comm="recovery" name="com.android.microdroid.empty_payload" dev="dm-7" ino=4524 scontext=u:r:recovery:s0 tcontext=u:object_r:app_data_file:s0:c59,c257,c512,c768 tclass=dir permissive=1
[   16.407901] type=1400 audit(1780147487.650:2463): avc: denied { getattr } for comm="recovery" path="/data/user_de/0/com.android.settings.auto_generated_rro_product__" dev="dm-7" ino=4564 scontext=u:r:recovery:s0 tcontext=u:object_r:app_data_file:s0:c78,c256,c512,c768 tclass=dir permissive=1
[   16.407926] type=1400 audit(1780147487.650:2464): avc: denied { read } for comm="recovery" name="com.android.settings.auto_generated_rro_product__" dev="dm-7" ino=4564 scontext=u:r:recovery:s0 tcontext=u:object_r:app_data_file:s0:c78,c256,c512,c768 tclass=dir permissive=1
[   16.407952] type=1400 audit(1780147487.650:2465): avc: denied { open } for comm="recovery" path="/data/user_de/0/com.android.settings.auto_generated_rro_product__" dev="dm-7" ino=4564 scontext=u:r:recovery:s0 tcontext=u:object_r:app_data_file:s0:c78,c256,c512,c768 tclass=dir permissive=1
[   16.407978] type=1400 audit(1780147487.650:2466): avc: denied { search } for comm="recovery" name="com.android.settings.auto_generated_rro_product__" dev="dm-7" ino=4564 scontext=u:r:recovery:s0 tcontext=u:object_r:app_data_file:s0:c78,c256,c512,c768 tclass=dir permissive=1
[   16.408119] type=1400 audit(1780147487.650:2467): avc: denied { getattr } for comm="recovery" path="/data/user_de/0/com.qti.qcc" dev="dm-7" ino=4744 scontext=u:r:recovery:s0 tcontext=u:object_r:app_data_file:s0:c41,c257,c512,c768 tclass=dir permissive=1
[   16.408149] type=1400 audit(1780147487.650:2468): avc: denied { read } for comm="recovery" name="com.qti.qcc" dev="dm-7" ino=4744 scontext=u:r:recovery:s0 tcontext=u:object_r:app_data_file:s0:c41,c257,c512,c768 tclass=dir permissive=1
[   16.408177] type=1400 audit(1780147487.650:2469): avc: denied { open } for comm="recovery" path="/data/user_de/0/com.qti.qcc" dev="dm-7" ino=4744 scontext=u:r:recovery:s0 tcontext=u:object_r:app_data_file:s0:c41,c257,c512,c768 tclass=dir permissive=1
[   16.408203] type=1400 audit(1780147487.650:2470): avc: denied { search } for comm="recovery" name="com.qti.qcc" dev="dm-7" ino=4744 scontext=u:r:recovery:s0 tcontext=u:object_r:app_data_file:s0:c41,c257,c512,c768 tclass=dir permissive=1
[   16.408229] type=1400 audit(1780147487.650:2471): avc: denied { getattr } for comm="recovery" path="/data/user_de/0/com.qti.qcc/cache/oat_primary/arm64/QCC.art" dev="dm-7" ino=5797 scontext=u:r:recovery:s0 tcontext=u:object_r:app_data_file:s0:c41,c257,c512,c768 tclass=file permissive=1
[   16.408543] type=1400 audit(1780147487.650:2472): avc: denied { getattr } for comm="recovery" path="/data/user_de/0/com.qualcomm.timeservice" dev="dm-7" ino=4769 scontext=u:r:recovery:s0 tcontext=u:object_r:app_data_file:s0:c164,c256,c512,c768 tclass=dir permissive=1
[   16.408575] type=1400 audit(1780147487.650:2473): avc: denied { read } for comm="recovery" name="com.qualcomm.timeservice" dev="dm-7" ino=4769 scontext=u:r:recovery:s0 tcontext=u:object_r:app_data_file:s0:c164,c256,c512,c768 tclass=dir permissive=1
[   16.408602] type=1400 audit(1780147487.650:2474): avc: denied { open } for comm="recovery" path="/data/user_de/0/com.qualcomm.timeservice" dev="dm-7" ino=4769 scontext=u:r:recovery:s0 tcontext=u:object_r:app_data_file:s0:c164,c256,c512,c768 tclass=dir permissive=1
[   16.408627] type=1400 audit(1780147487.650:2475): avc: denied { search } for comm="recovery" name="com.qualcomm.timeservice" dev="dm-7" ino=4769 scontext=u:r:recovery:s0 tcontext=u:object_r:app_data_file:s0:c164,c256,c512,c768 tclass=dir permissive=1
[   16.408678] type=1400 audit(1780147487.650:2476): avc: denied { getattr } for comm="recovery" path="/data/user_de/0/tv.danmaku.bili" dev="dm-7" ino=4789 scontext=u:r:recovery:s0 tcontext=u:object_r:app_data_file:s0:c104,c257,c512,c768 tclass=dir permissive=1
[   16.408707] type=1400 audit(1780147487.650:2477): avc: denied { read } for comm="recovery" name="tv.danmaku.bili" dev="dm-7" ino=4789 scontext=u:r:recovery:s0 tcontext=u:object_r:app_data_file:s0:c104,c257,c512,c768 tclass=dir permissive=1
[   16.408735] type=1400 audit(1780147487.650:2478): avc: denied { open } for comm="recovery" path="/data/user_de/0/tv.danmaku.bili" dev="dm-7" ino=4789 scontext=u:r:recovery:s0 tcontext=u:object_r:app_data_file:s0:c104,c257,c512,c768 tclass=dir permissive=1
[   16.408777] type=1400 audit(1780147487.650:2479): avc: denied { search } for comm="recovery" name="tv.danmaku.bili" dev="dm-7" ino=4789 scontext=u:r:recovery:s0 tcontext=u:object_r:app_data_file:s0:c104,c257,c512,c768 tclass=dir permissive=1
[   16.408804] type=1400 audit(1780147487.650:2480): avc: denied { getattr } for comm="recovery" path="/data/user_de/0/tv.danmaku.bili/cache/com.android.skia.shaders_cache" dev="dm-7" ino=128363 scontext=u:r:recovery:s0 tcontext=u:object_r:app_data_file:s0:c104,c257,c512,c768 tclass=file permissive=1
[   16.408913] type=1400 audit(1780147487.654:2481): avc: denied { getattr } for comm="recovery" path="/data/user_de/0/android.auto_generated_rro_vendor__" dev="dm-7" ino=4839 scontext=u:r:recovery:s0 tcontext=u:object_r:app_data_file:s0:c107,c256,c512,c768 tclass=dir permissive=1
[   16.408947] type=1400 audit(1780147487.654:2482): avc: denied { read } for comm="recovery" name="android.auto_generated_rro_vendor__" dev="dm-7" ino=4839 scontext=u:r:recovery:s0 tcontext=u:object_r:app_data_file:s0:c107,c256,c512,c768 tclass=dir permissive=1
[   16.408974] type=1400 audit(1780147487.654:2483): avc: denied { open } for comm="recovery" path="/data/user_de/0/android.auto_generated_rro_vendor__" dev="dm-7" ino=4839 scontext=u:r:recovery:s0 tcontext=u:object_r:app_data_file:s0:c107,c256,c512,c768 tclass=dir permissive=1
[   16.408999] type=1400 audit(1780147487.654:2484): avc: denied { search } for comm="recovery" name="android.auto_generated_rro_vendor__" dev="dm-7" ino=4839 scontext=u:r:recovery:s0 tcontext=u:object_r:app_data_file:s0:c107,c256,c512,c768 tclass=dir permissive=1
[   16.409025] type=1400 audit(1780147487.654:2485): avc: denied { getattr } for comm="recovery" path="/data/user_de/0/com.coolapk.market/cache/com.android.skia.shaders_cache" dev="dm-7" ino=164408 scontext=u:r:recovery:s0 tcontext=u:object_r:app_data_file:s0:c109,c257,c512,c768 tclass=file permissive=1
[   16.409073] type=1400 audit(1780147487.654:2486): avc: denied { getattr } for comm="recovery" path="/data/user_de/0/flar2.devcheck" dev="dm-7" ino=15292 scontext=u:r:recovery:s0 tcontext=u:object_r:app_data_file:s0:c111,c257,c512,c768 tclass=dir permissive=1
[   16.409109] type=1400 audit(1780147487.654:2487): avc: denied { read } for comm="recovery" name="flar2.devcheck" dev="dm-7" ino=15292 scontext=u:r:recovery:s0 tcontext=u:object_r:app_data_file:s0:c111,c257,c512,c768 tclass=dir permissive=1
[   16.409136] type=1400 audit(1780147487.654:2488): avc: denied { open } for comm="recovery" path="/data/user_de/0/flar2.devcheck" dev="dm-7" ino=15292 scontext=u:r:recovery:s0 tcontext=u:object_r:app_data_file:s0:c111,c257,c512,c768 tclass=dir permissive=1
[   16.409161] type=1400 audit(1780147487.654:2489): avc: denied { search } for comm="recovery" name="flar2.devcheck" dev="dm-7" ino=15292 scontext=u:r:recovery:s0 tcontext=u:object_r:app_data_file:s0:c111,c257,c512,c768 tclass=dir permissive=1
[   16.409188] type=1400 audit(1780147487.654:2490): avc: denied { getattr } for comm="recovery" path="/data/user_de/0/flar2.devcheck/cache/com.android.skia.shaders_cache" dev="dm-7" ino=75471 scontext=u:r:recovery:s0 tcontext=u:object_r:app_data_file:s0:c111,c257,c512,c768 tclass=file permissive=1
[   16.409214] type=1400 audit(1780147487.654:2491): avc: denied { getattr } for comm="recovery" path="/data/user_de/0/bin.mt.plus" dev="dm-7" ino=41643 scontext=u:r:recovery:s0 tcontext=u:object_r:app_data_file:s0:c112,c257,c512,c768 tclass=dir permissive=1
[   16.409239] type=1400 audit(1780147487.654:2492): avc: denied { read } for comm="recovery" name="bin.mt.plus" dev="dm-7" ino=41643 scontext=u:r:recovery:s0 tcontext=u:object_r:app_data_file:s0:c112,c257,c512,c768 tclass=dir permissive=1
[   16.409264] type=1400 audit(1780147487.654:2493): avc: denied { open } for comm="recovery" path="/data/user_de/0/bin.mt.plus" dev="dm-7" ino=41643 scontext=u:r:recovery:s0 tcontext=u:object_r:app_data_file:s0:c112,c257,c512,c768 tclass=dir permissive=1
[   16.409290] type=1400 audit(1780147487.654:2494): avc: denied { search } for comm="recovery" name="bin.mt.plus" dev="dm-7" ino=41643 scontext=u:r:recovery:s0 tcontext=u:object_r:app_data_file:s0:c112,c257,c512,c768 tclass=dir permissive=1
[   16.409316] type=1400 audit(1780147487.654:2495): avc: denied { getattr } for comm="recovery" path="/data/user_de/0/bin.mt.plus/cache/com.android.skia.shaders_cache" dev="dm-7" ino=162099 scontext=u:r:recovery:s0 tcontext=u:object_r:app_data_file:s0:c112,c257,c512,c768 tclass=file permissive=1
[   16.409369] type=1400 audit(1780147487.654:2496): avc: denied { getattr } for comm="recovery" path="/data/user_de/0/com.android.internal.systemui.navbar.transparent" dev="dm-7" ino=4209 scontext=u:r:recovery:s0 tcontext=u:object_r:app_data_file:s0:c94,c256,c512,c768 tclass=dir permissive=1
[   16.409400] type=1400 audit(1780147487.654:2497): avc: denied { read } for comm="recovery" name="com.android.internal.systemui.navbar.transparent" dev="dm-7" ino=4209 scontext=u:r:recovery:s0 tcontext=u:object_r:app_data_file:s0:c94,c256,c512,c768 tclass=dir permissive=1
[   16.409426] type=1400 audit(1780147487.654:2498): avc: denied { open } for comm="recovery" path="/data/user_de/0/com.android.internal.systemui.navbar.transparent" dev="dm-7" ino=4209 scontext=u:r:recovery:s0 tcontext=u:object_r:app_data_file:s0:c94,c256,c512,c768 tclass=dir permissive=1
[   16.409452] type=1400 audit(1780147487.654:2499): avc: denied { search } for comm="recovery" name="com.android.internal.systemui.navbar.transparent" dev="dm-7" ino=4209 scontext=u:r:recovery:s0 tcontext=u:object_r:app_data_file:s0:c94,c256,c512,c768 tclass=dir permissive=1
[   16.409494] type=1400 audit(1780147487.654:2500): avc: denied { getattr } for comm="recovery" path="/data/user_de/0/com.tencent.soter.soterserver" dev="dm-7" ino=4239 scontext=u:r:recovery:s0 tcontext=u:object_r:app_data_file:s0:c45,c257,c512,c768 tclass=dir permissive=1
[   16.409524] type=1400 audit(1780147487.654:2501): avc: denied { read } for comm="recovery" name="com.tencent.soter.soterserver" dev="dm-7" ino=4239 scontext=u:r:recovery:s0 tcontext=u:object_r:app_data_file:s0:c45,c257,c512,c768 tclass=dir permissive=1
[   16.409550] type=1400 audit(1780147487.654:2502): avc: denied { open } for comm="recovery" path="/data/user_de/0/com.tencent.soter.soterserver" dev="dm-7" ino=4239 scontext=u:r:recovery:s0 tcontext=u:object_r:app_data_file:s0:c45,c257,c512,c768 tclass=dir permissive=1
[   16.409576] type=1400 audit(1780147487.654:2503): avc: denied { search } for comm="recovery" name="com.tencent.soter.soterserver" dev="dm-7" ino=4239 scontext=u:r:recovery:s0 tcontext=u:object_r:app_data_file:s0:c45,c257,c512,c768 tclass=dir permissive=1
[   16.409631] type=1400 audit(1780147487.654:2504): avc: denied { getattr } for comm="recovery" path="/data/user_de/0/com.zui.filemanager" dev="dm-7" ino=4249 scontext=u:r:recovery:s0 tcontext=u:object_r:app_data_file:s0:c162,c256,c512,c768 tclass=dir permissive=1
[   16.409661] type=1400 audit(1780147487.654:2505): avc: denied { read } for comm="recovery" name="com.zui.filemanager" dev="dm-7" ino=4249 scontext=u:r:recovery:s0 tcontext=u:object_r:app_data_file:s0:c162,c256,c512,c768 tclass=dir permissive=1
[   16.409686] type=1400 audit(1780147487.654:2506): avc: denied { open } for comm="recovery" path="/data/user_de/0/com.zui.filemanager" dev="dm-7" ino=4249 scontext=u:r:recovery:s0 tcontext=u:object_r:app_data_file:s0:c162,c256,c512,c768 tclass=dir permissive=1
[   16.409711] type=1400 audit(1780147487.654:2507): avc: denied { search } for comm="recovery" name="com.zui.filemanager" dev="dm-7" ino=4249 scontext=u:r:recovery:s0 tcontext=u:object_r:app_data_file:s0:c162,c256,c512,c768 tclass=dir permissive=1
[   16.409737] type=1400 audit(1780147487.654:2508): avc: denied { getattr } for comm="recovery" path="/data/user_de/0/com.zui.filemanager/cache/com.android.skia.shaders_cache" dev="dm-7" ino=14488 scontext=u:r:recovery:s0 tcontext=u:object_r:app_data_file:s0:c162,c256,c512,c768 tclass=file permissive=1
[   16.409762] type=1400 audit(1780147487.654:2509): avc: denied { getattr } for comm="recovery" path="/data/user_de/0/com.google.mainline.telemetry" dev="dm-7" ino=4259 scontext=u:r:recovery:s0 tcontext=u:object_r:app_data_file:s0:c235,c256,c512,c768 tclass=dir permissive=1
[   16.409789] type=1400 audit(1780147487.654:2510): avc: denied { read } for comm="recovery" name="com.google.mainline.telemetry" dev="dm-7" ino=4259 scontext=u:r:recovery:s0 tcontext=u:object_r:app_data_file:s0:c235,c256,c512,c768 tclass=dir permissive=1
[   16.409814] type=1400 audit(1780147487.654:2511): avc: denied { open } for comm="recovery" path="/data/user_de/0/com.google.mainline.telemetry" dev="dm-7" ino=4259 scontext=u:r:recovery:s0 tcontext=u:object_r:app_data_file:s0:c235,c256,c512,c768 tclass=dir permissive=1
[   16.409839] type=1400 audit(1780147487.654:2512): avc: denied { search } for comm="recovery" name="com.google.mainline.telemetry" dev="dm-7" ino=4259 scontext=u:r:recovery:s0 tcontext=u:object_r:app_data_file:s0:c235,c256,c512,c768 tclass=dir permissive=1
[   16.410007] type=1400 audit(1780147487.654:2513): avc: denied { getattr } for comm="recovery" path="/data/user_de/0/com.dragon.read" dev="dm-7" ino=4354 scontext=u:r:recovery:s0 tcontext=u:object_r:app_data_file:s0:c75,c257,c512,c768 tclass=dir permissive=1
[   16.410037] type=1400 audit(1780147487.654:2514): avc: denied { read } for comm="recovery" name="com.dragon.read" dev="dm-7" ino=4354 scontext=u:r:recovery:s0 tcontext=u:object_r:app_data_file:s0:c75,c257,c512,c768 tclass=dir permissive=1
[   16.410062] type=1400 audit(1780147487.654:2515): avc: denied { open } for comm="recovery" path="/data/user_de/0/com.dragon.read" dev="dm-7" ino=4354 scontext=u:r:recovery:s0 tcontext=u:object_r:app_data_file:s0:c75,c257,c512,c768 tclass=dir permissive=1
[   16.410088] type=1400 audit(1780147487.654:2516): avc: denied { search } for comm="recovery" name="com.dragon.read" dev="dm-7" ino=4354 scontext=u:r:recovery:s0 tcontext=u:object_r:app_data_file:s0:c75,c257,c512,c768 tclass=dir permissive=1
[   16.410114] type=1400 audit(1780147487.654:2517): avc: denied { getattr } for comm="recovery" path="/data/user_de/0/com.android.theme.icon.squircle" dev="dm-7" ino=4379 scontext=u:r:recovery:s0 tcontext=u:object_r:app_data_file:s0:c29,c256,c512,c768 tclass=dir permissive=1
[   16.410140] type=1400 audit(1780147487.654:2518): avc: denied { read } for comm="recovery" name="com.android.theme.icon.squircle" dev="dm-7" ino=4379 scontext=u:r:recovery:s0 tcontext=u:object_r:app_data_file:s0:c29,c256,c512,c768 tclass=dir permissive=1
[   16.410165] type=1400 audit(1780147487.654:2519): avc: denied { open } for comm="recovery" path="/data/user_de/0/com.android.theme.icon.squircle" dev="dm-7" ino=4379 scontext=u:r:recovery:s0 tcontext=u:object_r:app_data_file:s0:c29,c256,c512,c768 tclass=dir permissive=1
[   16.410192] type=1400 audit(1780147487.654:2520): avc: denied { search } for comm="recovery" name="com.android.theme.icon.squircle" dev="dm-7" ino=4379 scontext=u:r:recovery:s0 tcontext=u:object_r:app_data_file:s0:c29,c256,c512,c768 tclass=dir permissive=1
[   16.410429] type=1400 audit(1780147487.654:2521): avc: denied { getattr } for comm="recovery" path="/data/user_de/0/com.android.theme.font.zhongsongsource" dev="dm-7" ino=4514 scontext=u:r:recovery:s0 tcontext=u:object_r:app_data_file:s0:c20,c256,c512,c768 tclass=dir permissive=1
[   16.410458] type=1400 audit(1780147487.654:2522): avc: denied { read } for comm="recovery" name="com.android.theme.font.zhongsongsource" dev="dm-7" ino=4514 scontext=u:r:recovery:s0 tcontext=u:object_r:app_data_file:s0:c20,c256,c512,c768 tclass=dir permissive=1
[   16.410484] type=1400 audit(1780147487.654:2523): avc: denied { open } for comm="recovery" path="/data/user_de/0/com.android.theme.font.zhongsongsource" dev="dm-7" ino=4514 scontext=u:r:recovery:s0 tcontext=u:object_r:app_data_file:s0:c20,c256,c512,c768 tclass=dir permissive=1
[   16.410509] type=1400 audit(1780147487.654:2524): avc: denied { search } for comm="recovery" name="com.android.theme.font.zhongsongsource" dev="dm-7" ino=4514 scontext=u:r:recovery:s0 tcontext=u:object_r:app_data_file:s0:c20,c256,c512,c768 tclass=dir permissive=1
[   16.410629] type=1400 audit(1780147487.654:2525): avc: denied { getattr } for comm="recovery" path="/data/user_de/0/com.motorola.android.providers.settings.auto_generated_rro_product__" dev="dm-7" ino=4649 scontext=u:r:recovery:s0 tcontext=u:object_r:app_data_file:s0:c69,c256,c512,c768 tclass=dir permissive=1
[   16.410659] type=1400 audit(1780147487.654:2526): avc: denied { read } for comm="recovery" name="com.motorola.android.providers.settings.auto_generated_rro_product__" dev="dm-7" ino=4649 scontext=u:r:recovery:s0 tcontext=u:object_r:app_data_file:s0:c69,c256,c512,c768 tclass=dir permissive=1
[   16.410685] type=1400 audit(1780147487.654:2527): avc: denied { open } for comm="recovery" path="/data/user_de/0/com.motorola.android.providers.settings.auto_generated_rro_product__" dev="dm-7" ino=4649 scontext=u:r:recovery:s0 tcontext=u:object_r:app_data_file:s0:c69,c256,c512,c768 tclass=dir permissive=1
[   16.410713] type=1400 audit(1780147487.654:2528): avc: denied { search } for comm="recovery" name="com.motorola.android.providers.settings.auto_generated_rro_product__" dev="dm-7" ino=4649 scontext=u:r:recovery:s0 tcontext=u:object_r:app_data_file:s0:c69,c256,c512,c768 tclass=dir permissive=1
[   16.410963] type=1400 audit(1780147487.654:2529): avc: denied { getattr } for comm="recovery" path="/data/user_de/0/android.auto_generated_rro_product__" dev="dm-7" ino=4739 scontext=u:r:recovery:s0 tcontext=u:object_r:app_data_file:s0:c98,c256,c512,c768 tclass=dir permissive=1
[   16.410993] type=1400 audit(1780147487.654:2530): avc: denied { read } for comm="recovery" name="android.auto_generated_rro_product__" dev="dm-7" ino=4739 scontext=u:r:recovery:s0 tcontext=u:object_r:app_data_file:s0:c98,c256,c512,c768 tclass=dir permissive=1
[   16.411018] type=1400 audit(1780147487.654:2531): avc: denied { open } for comm="recovery" path="/data/user_de/0/android.auto_generated_rro_product__" dev="dm-7" ino=4739 scontext=u:r:recovery:s0 tcontext=u:object_r:app_data_file:s0:c98,c256,c512,c768 tclass=dir permissive=1
[   16.411043] type=1400 audit(1780147487.654:2532): avc: denied { search } for comm="recovery" name="android.auto_generated_rro_product__" dev="dm-7" ino=4739 scontext=u:r:recovery:s0 tcontext=u:object_r:app_data_file:s0:c98,c256,c512,c768 tclass=dir permissive=1
[   16.411197] type=1400 audit(1780147487.654:2533): avc: denied { getattr } for comm="recovery" path="/data/user_de/0/com.android.theme.icon.roundedrect" dev="dm-7" ino=4794 scontext=u:r:recovery:s0 tcontext=u:object_r:app_data_file:s0:c27,c256,c512,c768 tclass=dir permissive=1
[   16.411227] type=1400 audit(1780147487.654:2534): avc: denied { read } for comm="recovery" name="com.android.theme.icon.roundedrect" dev="dm-7" ino=4794 scontext=u:r:recovery:s0 tcontext=u:object_r:app_data_file:s0:c27,c256,c512,c768 tclass=dir permissive=1
[   16.411253] type=1400 audit(1780147487.654:2535): avc: denied { open } for comm="recovery" path="/data/user_de/0/com.android.theme.icon.roundedrect" dev="dm-7" ino=4794 scontext=u:r:recovery:s0 tcontext=u:object_r:app_data_file:s0:c27,c256,c512,c768 tclass=dir permissive=1
[   16.411278] type=1400 audit(1780147487.654:2536): avc: denied { search } for comm="recovery" name="com.android.theme.icon.roundedrect" dev="dm-7" ino=4794 scontext=u:r:recovery:s0 tcontext=u:object_r:app_data_file:s0:c27,c256,c512,c768 tclass=dir permissive=1
[   16.411320] type=1400 audit(1780147487.654:2537): avc: denied { getattr } for comm="recovery" path="/data/user_de/0/mark.via" dev="dm-7" ino=11694 scontext=u:r:recovery:s0 tcontext=u:object_r:app_data_file:s0:c108,c257,c512,c768 tclass=dir permissive=1
[   16.411350] type=1400 audit(1780147487.654:2538): avc: denied { read } for comm="recovery" name="mark.via" dev="dm-7" ino=11694 scontext=u:r:recovery:s0 tcontext=u:object_r:app_data_file:s0:c108,c257,c512,c768 tclass=dir permissive=1
[   16.411375] type=1400 audit(1780147487.654:2539): avc: denied { open } for comm="recovery" path="/data/user_de/0/mark.via" dev="dm-7" ino=11694 scontext=u:r:recovery:s0 tcontext=u:object_r:app_data_file:s0:c108,c257,c512,c768 tclass=dir permissive=1
[   16.411402] type=1400 audit(1780147487.654:2540): avc: denied { search } for comm="recovery" name="mark.via" dev="dm-7" ino=11694 scontext=u:r:recovery:s0 tcontext=u:object_r:app_data_file:s0:c108,c257,c512,c768 tclass=dir permissive=1
[   16.411428] type=1400 audit(1780147487.654:2541): avc: denied { getattr } for comm="recovery" path="/data/user_de/0/mark.via/cache/com.android.skia.shaders_cache" dev="dm-7" ino=48690 scontext=u:r:recovery:s0 tcontext=u:object_r:app_data_file:s0:c108,c257,c512,c768 tclass=file permissive=1
[   16.411454] type=1400 audit(1780147487.654:2542): avc: denied { getattr } for comm="recovery" path="/data/user_de/0/com.example.piliplus" dev="dm-7" ino=143679 scontext=u:r:recovery:s0 tcontext=u:object_r:app_data_file:s0:c84,c257,c512,c768 tclass=dir permissive=1
[   16.411479] type=1400 audit(1780147487.654:2543): avc: denied { read } for comm="recovery" name="com.example.piliplus" dev="dm-7" ino=143679 scontext=u:r:recovery:s0 tcontext=u:object_r:app_data_file:s0:c84,c257,c512,c768 tclass=dir permissive=1
[   16.411505] type=1400 audit(1780147487.654:2544): avc: denied { open } for comm="recovery" path="/data/user_de/0/com.example.piliplus" dev="dm-7" ino=143679 scontext=u:r:recovery:s0 tcontext=u:object_r:app_data_file:s0:c84,c257,c512,c768 tclass=dir permissive=1
[   16.411530] type=1400 audit(1780147487.654:2545): avc: denied { search } for comm="recovery" name="com.example.piliplus" dev="dm-7" ino=143679 scontext=u:r:recovery:s0 tcontext=u:object_r:app_data_file:s0:c84,c257,c512,c768 tclass=dir permissive=1
[   16.411556] type=1400 audit(1780147487.654:2546): avc: denied { getattr } for comm="recovery" path="/data/user_de/0/com.example.piliplus/cache/com.android.opengl.shaders_cache" dev="dm-7" ino=144754 scontext=u:r:recovery:s0 tcontext=u:object_r:app_data_file:s0:c84,c257,c512,c768 tclass=file permissive=1
[   16.411796] type=1400 audit(1780147487.654:2547): avc: denied { getattr } for comm="recovery" path="/data/user_de/0/com.qualcomm.qti.workloadclassifier" dev="dm-7" ino=4204 scontext=u:r:recovery:s0 tcontext=u:object_r:app_data_file:s0:c46,c257,c512,c768 tclass=dir permissive=1
[   16.411827] type=1400 audit(1780147487.654:2548): avc: denied { read } for comm="recovery" name="com.qualcomm.qti.workloadclassifier" dev="dm-7" ino=4204 scontext=u:r:recovery:s0 tcontext=u:object_r:app_data_file:s0:c46,c257,c512,c768 tclass=dir permissive=1
[   16.411854] type=1400 audit(1780147487.654:2549): avc: denied { open } for comm="recovery" path="/data/user_de/0/com.qualcomm.qti.workloadclassifier" dev="dm-7" ino=4204 scontext=u:r:recovery:s0 tcontext=u:object_r:app_data_file:s0:c46,c257,c512,c768 tclass=dir permissive=1
[   16.411880] type=1400 audit(1780147487.654:2550): avc: denied { search } for comm="recovery" name="com.qualcomm.qti.workloadclassifier" dev="dm-7" ino=4204 scontext=u:r:recovery:s0 tcontext=u:object_r:app_data_file:s0:c46,c257,c512,c768 tclass=dir permissive=1
[   16.412179] type=1400 audit(1780147487.654:2551): avc: denied { getattr } for comm="recovery" path="/data/user_de/0/com.android.systemui.accessibility.accessibilitymenu.auto_generated_rro_product__" dev="dm-7" ino=4419 scontext=u:r:recovery:s0 tcontext=u:object_r:app_data_file:s0:c4,c256,c512,c768 tclass=dir permissive=1
[   16.412210] type=1400 audit(1780147487.654:2552): avc: denied { read } for comm="recovery" name="com.android.systemui.accessibility.accessibilitymenu.auto_generated_rro_product__" dev="dm-7" ino=4419 scontext=u:r:recovery:s0 tcontext=u:object_r:app_data_file:s0:c4,c256,c512,c768 tclass=dir permissive=1
[   16.412236] type=1400 audit(1780147487.654:2553): avc: denied { open } for comm="recovery" path="/data/user_de/0/com.android.systemui.accessibility.accessibilitymenu.auto_generated_rro_product__" dev="dm-7" ino=4419 scontext=u:r:recovery:s0 tcontext=u:object_r:app_data_file:s0:c4,c256,c512,c768 tclass=dir permissive=1
[   16.412262] type=1400 audit(1780147487.654:2554): avc: denied { search } for comm="recovery" name="com.android.systemui.accessibility.accessibilitymenu.auto_generated_rro_product__" dev="dm-7" ino=4419 scontext=u:r:recovery:s0 tcontext=u:object_r:app_data_file:s0:c4,c256,c512,c768 tclass=dir permissive=1
[   16.412570] type=1400 audit(1780147487.654:2555): avc: denied { getattr } for comm="recovery" path="/data/user_de/0/com.android.providers.media.module" dev="dm-7" ino=4589 scontext=u:r:recovery:s0 tcontext=u:object_r:privapp_data_file:s0:c67,c257,c512,c768 tclass=dir permissive=1
[   16.412600] type=1400 audit(1780147487.654:2556): avc: denied { read } for comm="recovery" name="com.android.providers.media.module" dev="dm-7" ino=4589 scontext=u:r:recovery:s0 tcontext=u:object_r:privapp_data_file:s0:c67,c257,c512,c768 tclass=dir permissive=1
[   16.412625] type=1400 audit(1780147487.654:2557): avc: denied { open } for comm="recovery" path="/data/user_de/0/com.android.providers.media.module" dev="dm-7" ino=4589 scontext=u:r:recovery:s0 tcontext=u:object_r:privapp_data_file:s0:c67,c257,c512,c768 tclass=dir permissive=1
[   16.412652] type=1400 audit(1780147487.654:2558): avc: denied { search } for comm="recovery" name="com.android.providers.media.module" dev="dm-7" ino=4589 scontext=u:r:recovery:s0 tcontext=u:object_r:privapp_data_file:s0:c67,c257,c512,c768 tclass=dir permissive=1
[   16.412721] type=1400 audit(1780147487.654:2559): avc: denied { getattr } for comm="recovery" path="/data/user_de/0/com.android.internal.systemui.navbar.gestural" dev="dm-7" ino=4629 scontext=u:r:recovery:s0 tcontext=u:object_r:app_data_file:s0:c71,c256,c512,c768 tclass=dir permissive=1
[   16.412776] type=1400 audit(1780147487.654:2560): avc: denied { read } for comm="recovery" name="com.android.internal.systemui.navbar.gestural" dev="dm-7" ino=4629 scontext=u:r:recovery:s0 tcontext=u:object_r:app_data_file:s0:c71,c256,c512,c768 tclass=dir permissive=1
[   16.412805] type=1400 audit(1780147487.654:2561): avc: denied { open } for comm="recovery" path="/data/user_de/0/com.android.internal.systemui.navbar.gestural" dev="dm-7" ino=4629 scontext=u:r:recovery:s0 tcontext=u:object_r:app_data_file:s0:c71,c256,c512,c768 tclass=dir permissive=1
[   16.412834] type=1400 audit(1780147487.654:2562): avc: denied { search } for comm="recovery" name="com.android.internal.systemui.navbar.gestural" dev="dm-7" ino=4629 scontext=u:r:recovery:s0 tcontext=u:object_r:app_data_file:s0:c71,c256,c512,c768 tclass=dir permissive=1
[   16.413038] type=1400 audit(1780147487.658:2563): avc: denied { getattr } for comm="recovery" path="/data/user_de/0/com.android.storagemanager.auto_generated_rro_product__" dev="dm-7" ino=4709 scontext=u:r:recovery:s0 tcontext=u:object_r:app_data_file:s0:c81,c256,c512,c768 tclass=dir permissive=1
[   16.413070] type=1400 audit(1780147487.658:2564): avc: denied { read } for comm="recovery" name="com.android.storagemanager.auto_generated_rro_product__" dev="dm-7" ino=4709 scontext=u:r:recovery:s0 tcontext=u:object_r:app_data_file:s0:c81,c256,c512,c768 tclass=dir permissive=1
[   16.413099] type=1400 audit(1780147487.658:2565): avc: denied { open } for comm="recovery" path="/data/user_de/0/com.android.storagemanager.auto_generated_rro_product__" dev="dm-7" ino=4709 scontext=u:r:recovery:s0 tcontext=u:object_r:app_data_file:s0:c81,c256,c512,c768 tclass=dir permissive=1
[   16.413125] type=1400 audit(1780147487.658:2566): avc: denied { search } for comm="recovery" name="com.android.storagemanager.auto_generated_rro_product__" dev="dm-7" ino=4709 scontext=u:r:recovery:s0 tcontext=u:object_r:app_data_file:s0:c81,c256,c512,c768 tclass=dir permissive=1
[   16.413359] type=1400 audit(1780147487.658:2567): avc: denied { getattr } for comm="recovery" path="/data/user_de/0/me.weishu.kernelsu" dev="dm-7" ino=13880 scontext=u:r:recovery:s0 tcontext=u:object_r:app_data_file:s0:c107,c257,c512,c768 tclass=dir permissive=1
[   16.413399] type=1400 audit(1780147487.658:2568): avc: denied { read } for comm="recovery" name="me.weishu.kernelsu" dev="dm-7" ino=13880 scontext=u:r:recovery:s0 tcontext=u:object_r:app_data_file:s0:c107,c257,c512,c768 tclass=dir permissive=1
[   16.413426] type=1400 audit(1780147487.658:2569): avc: denied { open } for comm="recovery" path="/data/user_de/0/me.weishu.kernelsu" dev="dm-7" ino=13880 scontext=u:r:recovery:s0 tcontext=u:object_r:app_data_file:s0:c107,c257,c512,c768 tclass=dir permissive=1
[   16.413455] type=1400 audit(1780147487.658:2570): avc: denied { search } for comm="recovery" name="me.weishu.kernelsu" dev="dm-7" ino=13880 scontext=u:r:recovery:s0 tcontext=u:object_r:app_data_file:s0:c107,c257,c512,c768 tclass=dir permissive=1
[   16.413482] type=1400 audit(1780147487.658:2571): avc: denied { getattr } for comm="recovery" path="/data/user_de/0/com.x1y9.probe/cache/com.android.skia.shaders_cache" dev="dm-7" ino=93117 scontext=u:r:recovery:s0 tcontext=u:object_r:app_data_file:s0:c110,c257,c512,c768 tclass=file permissive=1
[   16.413529] type=1400 audit(1780147487.658:2572): avc: denied { getattr } for comm="recovery" path="/data/vendor_ce/0/facedata" dev="dm-7" ino=5641 scontext=u:r:recovery:s0 tcontext=u:object_r:face_vendor_data_file:s0 tclass=dir permissive=1
[   16.413560] type=1400 audit(1780147487.658:2573): avc: denied { read } for comm="recovery" name="facedata" dev="dm-7" ino=5641 scontext=u:r:recovery:s0 tcontext=u:object_r:face_vendor_data_file:s0 tclass=dir permissive=1
[   16.413585] type=1400 audit(1780147487.658:2574): avc: denied { open } for comm="recovery" path="/data/vendor_ce/0/facedata" dev="dm-7" ino=5641 scontext=u:r:recovery:s0 tcontext=u:object_r:face_vendor_data_file:s0 tclass=dir permissive=1
[   16.413612] type=1400 audit(1780147487.658:2575): avc: denied { search } for comm="recovery" name="facedata" dev="dm-7" ino=5641 scontext=u:r:recovery:s0 tcontext=u:object_r:face_vendor_data_file:s0 tclass=dir permissive=1
[   16.413638] type=1400 audit(1780147487.658:2576): avc: denied { getattr } for comm="recovery" path="/data/vendor_de/0/fpdata" dev="dm-7" ino=352 scontext=u:r:recovery:s0 tcontext=u:object_r:fingerprint_vendor_data_file:s0 tclass=dir permissive=1
[   16.413663] type=1400 audit(1780147487.658:2577): avc: denied { read } for comm="recovery" name="fpdata" dev="dm-7" ino=352 scontext=u:r:recovery:s0 tcontext=u:object_r:fingerprint_vendor_data_file:s0 tclass=dir permissive=1
[   16.413687] type=1400 audit(1780147487.658:2578): avc: denied { open } for comm="recovery" path="/data/vendor_de/0/fpdata" dev="dm-7" ino=352 scontext=u:r:recovery:s0 tcontext=u:object_r:fingerprint_vendor_data_file:s0 tclass=dir permissive=1
[   16.413714] type=1400 audit(1780147487.658:2579): avc: denied { search } for comm="recovery" name="fpdata" dev="dm-7" ino=352 scontext=u:r:recovery:s0 tcontext=u:object_r:fingerprint_vendor_data_file:s0 tclass=dir permissive=1
[   16.413739] type=1400 audit(1780147487.658:2580): avc: denied { getattr } for comm="recovery" path="/data/rollback-observer/two-phase-rollback-enabled" dev="dm-7" ino=4919 scontext=u:r:recovery:s0 tcontext=u:object_r:system_data_file:s0 tclass=file permissive=1
[   16.413765] type=1400 audit(1780147487.658:2581): avc: denied { getattr } for comm="recovery" path="/data/adb" dev="dm-7" ino=367 scontext=u:r:recovery:s0 tcontext=u:object_r:adb_data_file:s0 tclass=dir permissive=1
[   16.413791] type=1400 audit(1780147487.658:2582): avc: denied { read } for comm="recovery" name="adb" dev="dm-7" ino=367 scontext=u:r:recovery:s0 tcontext=u:object_r:adb_data_file:s0 tclass=dir permissive=1
[   16.413816] type=1400 audit(1780147487.658:2583): avc: denied { open } for comm="recovery" path="/data/adb" dev="dm-7" ino=367 scontext=u:r:recovery:s0 tcontext=u:object_r:adb_data_file:s0 tclass=dir permissive=1
[   16.413840] type=1400 audit(1780147487.658:2584): avc: denied { search } for comm="recovery" name="adb" dev="dm-7" ino=367 scontext=u:r:recovery:s0 tcontext=u:object_r:adb_data_file:s0 tclass=dir permissive=1
[   16.413865] type=1400 audit(1780147487.658:2585): avc: denied { getattr } for comm="recovery" path="/data/adb/ksud" dev="dm-7" ino=90937 scontext=u:r:recovery:s0 tcontext=u:object_r:adb_data_file:s0 tclass=file permissive=1
[   16.425340] type=1400 audit(1780147487.670:2586): avc: denied { getattr } for comm="recovery" path="/data/data/com.lptiyu.tanke/files/cybermedia/libs/cyber-media-dex_7_92_0_20_jar" dev="dm-7" ino=114533 scontext=u:r:recovery:s0 tcontext=u:object_r:app_data_file:s0:c77,c257,c512,c768 tclass=lnk_file permissive=1
[   16.433216] type=1400 audit(1780147487.678:2587): avc: denied { getattr } for comm="recovery" path="/data/data/com.google.android.federatedcompute/cache/oat_primary/arm64/FederatedComputeGoogle.art" dev="dm-7" ino=11102 scontext=u:r:recovery:s0 tcontext=u:object_r:app_data_file:s0:c57,c257,c512,c768 tclass=file permissive=1
[   16.437861] type=1400 audit(1780147487.682:2588): avc: denied { getattr } for comm="recovery" path="/data/data/com.moto.redteamobile.roaming/shared_prefs/mb_preferences.xml" dev="dm-7" ino=10726 scontext=u:r:recovery:s0 tcontext=u:object_r:app_data_file:s0:c96,c257,c512,c768 tclass=file permissive=1
[   16.446175] type=1400 audit(1780147487.690:2589): avc: denied { getattr } for comm="recovery" path="/data/data/com.android.printspooler/cache/oat_primary/arm64/PrintSpooler.art" dev="dm-7" ino=10410 scontext=u:r:recovery:s0 tcontext=u:object_r:app_data_file:s0:c158,c256,c512,c768 tclass=file permissive=1
[   16.446353] type=1400 audit(1780147487.690:2590): avc: denied { getattr } for comm="recovery" path="/data/data/com.android.rkpdapp" dev="dm-7" ino=6377 scontext=u:r:recovery:s0 tcontext=u:object_r:privapp_data_file:s0:c66,c257,c512,c768 tclass=dir permissive=1
[   16.446384] type=1400 audit(1780147487.690:2591): avc: denied { read } for comm="recovery" name="com.android.rkpdapp" dev="dm-7" ino=6377 scontext=u:r:recovery:s0 tcontext=u:object_r:privapp_data_file:s0:c66,c257,c512,c768 tclass=dir permissive=1
[   16.446411] type=1400 audit(1780147487.690:2592): avc: denied { open } for comm="recovery" path="/data/data/com.android.rkpdapp" dev="dm-7" ino=6377 scontext=u:r:recovery:s0 tcontext=u:object_r:privapp_data_file:s0:c66,c257,c512,c768 tclass=dir permissive=1
[   16.446437] type=1400 audit(1780147487.690:2593): avc: denied { search } for comm="recovery" name="com.android.rkpdapp" dev="dm-7" ino=6377 scontext=u:r:recovery:s0 tcontext=u:object_r:privapp_data_file:s0:c66,c257,c512,c768 tclass=dir permissive=1
[   16.446732] type=1400 audit(1780147487.690:2594): avc: denied { getattr } for comm="recovery" path="/data/data/android.auto_generated_characteristics_rro" dev="dm-7" ino=6752 scontext=u:r:recovery:s0 tcontext=u:object_r:app_data_file:s0:c97,c256,c512,c768 tclass=dir permissive=1
[   16.446772] type=1400 audit(1780147487.690:2595): avc: denied { read } for comm="recovery" name="android.auto_generated_characteristics_rro" dev="dm-7" ino=6752 scontext=u:r:recovery:s0 tcontext=u:object_r:app_data_file:s0:c97,c256,c512,c768 tclass=dir permissive=1
[   16.446800] type=1400 audit(1780147487.690:2596): avc: denied { open } for comm="recovery" path="/data/data/android.auto_generated_characteristics_rro" dev="dm-7" ino=6752 scontext=u:r:recovery:s0 tcontext=u:object_r:app_data_file:s0:c97,c256,c512,c768 tclass=dir permissive=1
[   16.446826] type=1400 audit(1780147487.690:2597): avc: denied { search } for comm="recovery" name="android.auto_generated_characteristics_rro" dev="dm-7" ino=6752 scontext=u:r:recovery:s0 tcontext=u:object_r:app_data_file:s0:c97,c256,c512,c768 tclass=dir permissive=1
[   16.446852] type=1400 audit(1780147487.690:2598): avc: denied { getattr } for comm="recovery" path="/data/data/com.google.android.overlay.gmsconfig.china" dev="dm-7" ino=6755 scontext=u:r:recovery:s0 tcontext=u:object_r:app_data_file:s0:c21,c256,c512,c768 tclass=dir permissive=1
[   16.446877] type=1400 audit(1780147487.690:2599): avc: denied { read } for comm="recovery" name="com.google.android.overlay.gmsconfig.china" dev="dm-7" ino=6755 scontext=u:r:recovery:s0 tcontext=u:object_r:app_data_file:s0:c21,c256,c512,c768 tclass=dir permissive=1
[   16.446901] type=1400 audit(1780147487.690:2600): avc: denied { open } for comm="recovery" path="/data/data/com.google.android.overlay.gmsconfig.china" dev="dm-7" ino=6755 scontext=u:r:recovery:s0 tcontext=u:object_r:app_data_file:s0:c21,c256,c512,c768 tclass=dir permissive=1
[   16.446926] type=1400 audit(1780147487.690:2601): avc: denied { search } for comm="recovery" name="com.google.android.overlay.gmsconfig.china" dev="dm-7" ino=6755 scontext=u:r:recovery:s0 tcontext=u:object_r:app_data_file:s0:c21,c256,c512,c768 tclass=dir permissive=1
[   16.473902] type=1400 audit(1780147487.718:2602): avc: denied { getattr } for comm="recovery" path="/data/data/com.qualcomm.qti.workloadclassifier/databases/WLCHG.db" dev="dm-7" ino=10511 scontext=u:r:recovery:s0 tcontext=u:object_r:app_data_file:s0:c46,c257,c512,c768 tclass=file permissive=1
[   16.481966] type=1400 audit(1780147487.726:2603): avc: denied { getattr } for comm="recovery" path="/data/data/com.android.theme.font.RookeryRegular" dev="dm-7" ino=6340 scontext=u:r:recovery:s0 tcontext=u:object_r:app_data_file:s0:c19,c256,c512,c768 tclass=dir permissive=1
[   16.482007] type=1400 audit(1780147487.726:2604): avc: denied { read } for comm="recovery" name="com.android.theme.font.RookeryRegular" dev="dm-7" ino=6340 scontext=u:r:recovery:s0 tcontext=u:object_r:app_data_file:s0:c19,c256,c512,c768 tclass=dir permissive=1
[   16.482035] type=1400 audit(1780147487.726:2605): avc: denied { open } for comm="recovery" path="/data/data/com.android.theme.font.RookeryRegular" dev="dm-7" ino=6340 scontext=u:r:recovery:s0 tcontext=u:object_r:app_data_file:s0:c19,c256,c512,c768 tclass=dir permissive=1
[   16.482063] type=1400 audit(1780147487.726:2606): avc: denied { search } for comm="recovery" name="com.android.theme.font.RookeryRegular" dev="dm-7" ino=6340 scontext=u:r:recovery:s0 tcontext=u:object_r:app_data_file:s0:c19,c256,c512,c768 tclass=dir permissive=1
[   16.482089] type=1400 audit(1780147487.726:2607): avc: denied { getattr } for comm="recovery" path="/data/data/com.android.dreams.basic" dev="dm-7" ino=6350 scontext=u:r:recovery:s0 tcontext=u:object_r:app_data_file:s0:c148,c256,c512,c768 tclass=dir permissive=1
[   16.482116] type=1400 audit(1780147487.726:2608): avc: denied { read } for comm="recovery" name="com.android.dreams.basic" dev="dm-7" ino=6350 scontext=u:r:recovery:s0 tcontext=u:object_r:app_data_file:s0:c148,c256,c512,c768 tclass=dir permissive=1
[   16.482324] type=1400 audit(1780147487.726:2609): avc: denied { open } for comm="recovery" path="/data/data/com.android.dreams.basic" dev="dm-7" ino=6350 scontext=u:r:recovery:s0 tcontext=u:object_r:app_data_file:s0:c148,c256,c512,c768 tclass=dir permissive=1
[   16.482355] type=1400 audit(1780147487.726:2610): avc: denied { search } for comm="recovery" name="com.android.dreams.basic" dev="dm-7" ino=6350 scontext=u:r:recovery:s0 tcontext=u:object_r:app_data_file:s0:c148,c256,c512,c768 tclass=dir permissive=1
[   16.482383] type=1400 audit(1780147487.726:2611): avc: denied { getattr } for comm="recovery" path="/data/data/com.android.traceur.auto_generated_rro_product__" dev="dm-7" ino=6370 scontext=u:r:recovery:s0 tcontext=u:object_r:app_data_file:s0:c93,c256,c512,c768 tclass=dir permissive=1
[   16.482410] type=1400 audit(1780147487.726:2612): avc: denied { read } for comm="recovery" name="com.android.traceur.auto_generated_rro_product__" dev="dm-7" ino=6370 scontext=u:r:recovery:s0 tcontext=u:object_r:app_data_file:s0:c93,c256,c512,c768 tclass=dir permissive=1
[   16.482437] type=1400 audit(1780147487.726:2613): avc: denied { open } for comm="recovery" path="/data/data/com.android.traceur.auto_generated_rro_product__" dev="dm-7" ino=6370 scontext=u:r:recovery:s0 tcontext=u:object_r:app_data_file:s0:c93,c256,c512,c768 tclass=dir permissive=1
[   16.482463] type=1400 audit(1780147487.726:2614): avc: denied { search } for comm="recovery" name="com.android.traceur.auto_generated_rro_product__" dev="dm-7" ino=6370 scontext=u:r:recovery:s0 tcontext=u:object_r:app_data_file:s0:c93,c256,c512,c768 tclass=dir permissive=1
[   16.482490] type=1400 audit(1780147487.726:2615): avc: denied { getattr } for comm="recovery" path="/data/data/com.lenovo.club.app" dev="dm-7" ino=6374 scontext=u:r:recovery:s0 tcontext=u:object_r:app_data_file:s0:c78,c257,c512,c768 tclass=dir permissive=1
[   16.482516] type=1400 audit(1780147487.726:2616): avc: denied { read } for comm="recovery" name="com.lenovo.club.app" dev="dm-7" ino=6374 scontext=u:r:recovery:s0 tcontext=u:object_r:app_data_file:s0:c78,c257,c512,c768 tclass=dir permissive=1
[   16.482542] type=1400 audit(1780147487.726:2617): avc: denied { open } for comm="recovery" path="/data/data/com.lenovo.club.app" dev="dm-7" ino=6374 scontext=u:r:recovery:s0 tcontext=u:object_r:app_data_file:s0:c78,c257,c512,c768 tclass=dir permissive=1
[   16.482568] type=1400 audit(1780147487.726:2618): avc: denied { search } for comm="recovery" name="com.lenovo.club.app" dev="dm-7" ino=6374 scontext=u:r:recovery:s0 tcontext=u:object_r:app_data_file:s0:c78,c257,c512,c768 tclass=dir permissive=1
[   16.493731] type=1400 audit(1780147487.738:2619): avc: denied { getattr } for comm="recovery" path="/data/data/com.google.android.webview/cache/WebView/webview_crx_cache/metadata.json" dev="dm-7" ino=25621 scontext=u:r:recovery:s0 tcontext=u:object_r:app_data_file:s0:c230,c256,c512,c768 tclass=file permissive=1
[   16.495108] type=1400 audit(1780147487.738:2620): avc: denied { getattr } for comm="recovery" path="/data/data/com.ss.android.ugc.aweme" dev="dm-7" ino=6852 scontext=u:r:recovery:s0 tcontext=u:object_r:app_data_file:s0:c79,c257,c512,c768 tclass=dir permissive=1
[   16.495139] type=1400 audit(1780147487.738:2621): avc: denied { read } for comm="recovery" name="com.ss.android.ugc.aweme" dev="dm-7" ino=6852 scontext=u:r:recovery:s0 tcontext=u:object_r:app_data_file:s0:c79,c257,c512,c768 tclass=dir permissive=1
[   16.495166] type=1400 audit(1780147487.738:2622): avc: denied { open } for comm="recovery" path="/data/data/com.ss.android.ugc.aweme" dev="dm-7" ino=6852 scontext=u:r:recovery:s0 tcontext=u:object_r:app_data_file:s0:c79,c257,c512,c768 tclass=dir permissive=1
[   16.495192] type=1400 audit(1780147487.738:2623): avc: denied { search } for comm="recovery" name="com.ss.android.ugc.aweme" dev="dm-7" ino=6852 scontext=u:r:recovery:s0 tcontext=u:object_r:app_data_file:s0:c79,c257,c512,c768 tclass=dir permissive=1
[   16.540150] type=1400 audit(1780147487.782:2624): avc: denied { getattr } for comm="recovery" path="/data/data/com.ss.android.ugc.aweme/files/socket_pipe" dev="dm-7" ino=90978 scontext=u:r:recovery:s0 tcontext=u:object_r:app_data_file:s0:c79,c257,c512,c768 tclass=sock_file permissive=1
[   16.647328] type=1400 audit(1780147487.890:2625): avc: denied { getattr } for comm="recovery" path="/data/data/com.ss.android.ugc.aweme/files/StarkContainer/Unity/tt334845f5ad291c1007/current/0.0.6/main.zip" dev="dm-7" ino=67250 scontext=u:r:recovery:s0 tcontext=u:object_r:app_data_file:s0:c79,c257,c512,c768 tclass=lnk_file permissive=1
[   16.650407] type=1400 audit(1780147487.894:2626): avc: denied { getattr } for comm="recovery" path="/data/data/com.android.shell" dev="dm-7" ino=7282 scontext=u:r:recovery:s0 tcontext=u:object_r:shell_data_file:s0 tclass=dir permissive=1
[   16.650454] type=1400 audit(1780147487.894:2627): avc: denied { read } for comm="recovery" name="com.android.shell" dev="dm-7" ino=7282 scontext=u:r:recovery:s0 tcontext=u:object_r:shell_data_file:s0 tclass=dir permissive=1
[   16.650485] type=1400 audit(1780147487.894:2628): avc: denied { open } for comm="recovery" path="/data/data/com.android.shell" dev="dm-7" ino=7282 scontext=u:r:recovery:s0 tcontext=u:object_r:shell_data_file:s0 tclass=dir permissive=1
[   16.650514] type=1400 audit(1780147487.894:2629): avc: denied { search } for comm="recovery" name="com.android.shell" dev="dm-7" ino=7282 scontext=u:r:recovery:s0 tcontext=u:object_r:shell_data_file:s0 tclass=dir permissive=1
[   16.651421] type=1400 audit(1780147487.894:2630): avc: denied { getattr } for comm="recovery" path="/data/data/com.qualcomm.timeservice/cache/oat_primary/arm64/TimeService.art" dev="dm-7" ino=79528 scontext=u:r:recovery:s0 tcontext=u:object_r:app_data_file:s0:c164,c256,c512,c768 tclass=file permissive=1
[   16.656268] type=1400 audit(1780147487.898:2631): avc: denied { getattr } for comm="recovery" path="/data/data/com.android.providers.media.module/cache/data/user/0/com.android.providers.media.module/no_backup/androidx.work.workdb.lck" dev="dm-7" ino=4925 scontext=u:r:recovery:s0 tcontext=u:object_r:privapp_data_file:s0:c67,c257,c512,c768 tclass=file permissive=1
[   16.660566] type=1400 audit(1780147487.902:2632): avc: denied { getattr } for comm="recovery" path="/data/data/tv.danmaku.bili/files/smallapp/appTempLinks/14531347/service.base.js" dev="dm-7" ino=133049 scontext=u:r:recovery:s0 tcontext=u:object_r:app_data_file:s0:c104,c257,c512,c768 tclass=lnk_file permissive=1
[   16.699778] type=1400 audit(1780147487.942:2633): avc: denied { getattr } for comm="recovery" path="/data/data/bin.mt.plus/files/term/lib/libbz2.so.1.0" dev="dm-7" ino=161909 scontext=u:r:recovery:s0 tcontext=u:object_r:app_data_file:s0:c112,c257,c512,c768 tclass=lnk_file permissive=1
[   16.713160] type=1400 audit(1780147487.958:2634): avc: denied { getattr } for comm="recovery" path="/data/data/com.coolapk.market/files/pangle_com.byted.live.lite/socket_pipe" dev="dm-7" ino=14836 scontext=u:r:recovery:s0 tcontext=u:object_r:app_data_file:s0:c109,c257,c512,c768 tclass=sock_file permissive=1
[   16.718287] type=1400 audit(1780147487.962:2635): avc: denied { getattr } for comm="recovery" path="/data/data/com.android.DeviceAsWebcam/cache/oat_primary/arm64/DeviceAsWebcam.art" dev="dm-7" ino=10441 scontext=u:r:recovery:s0 tcontext=u:object_r:system_app_data_file:s0:c232,c259,c512,c768 tclass=file permissive=1
[   16.719061] type=1400 audit(1780147487.962:2636): avc: denied { getattr } for comm="recovery" path="/data/data/com.android.devicediagnostics.auto_generated_rro_product__" dev="dm-7" ino=7011 scontext=u:r:recovery:s0 tcontext=u:object_r:app_data_file:s0:c8,c256,c512,c768 tclass=dir permissive=1
[   16.719096] type=1400 audit(1780147487.962:2637): avc: denied { read } for comm="recovery" name="com.android.devicediagnostics.auto_generated_rro_product__" dev="dm-7" ino=7011 scontext=u:r:recovery:s0 tcontext=u:object_r:app_data_file:s0:c8,c256,c512,c768 tclass=dir permissive=1
[   16.719128] type=1400 audit(1780147487.962:2638): avc: denied { open } for comm="recovery" path="/data/data/com.android.devicediagnostics.auto_generated_rro_product__" dev="dm-7" ino=7011 scontext=u:r:recovery:s0 tcontext=u:object_r:app_data_file:s0:c8,c256,c512,c768 tclass=dir permissive=1
[   16.719155] type=1400 audit(1780147487.962:2639): avc: denied { search } for comm="recovery" name="com.android.devicediagnostics.auto_generated_rro_product__" dev="dm-7" ino=7011 scontext=u:r:recovery:s0 tcontext=u:object_r:app_data_file:s0:c8,c256,c512,c768 tclass=dir permissive=1
[   16.721842] type=1400 audit(1780147487.966:2640): avc: denied { getattr } for comm="recovery" path="/data/gsi_persistent_data" dev="dm-7" ino=444 scontext=u:r:recovery:s0 tcontext=u:object_r:gsi_persistent_data_file:s0 tclass=file permissive=1
[   16.721924] type=1400 audit(1780147487.966:2641): avc: denied { getattr } for comm="recovery" path="/data/server_configurable_flags" dev="dm-7" ino=571 scontext=u:r:recovery:s0 tcontext=u:object_r:server_configurable_flags_data_file:s0 tclass=dir permissive=1
[   16.721965] type=1400 audit(1780147487.966:2642): avc: denied { read } for comm="recovery" name="server_configurable_flags" dev="dm-7" ino=571 scontext=u:r:recovery:s0 tcontext=u:object_r:server_configurable_flags_data_file:s0 tclass=dir permissive=1
[   16.721996] type=1400 audit(1780147487.966:2643): avc: denied { open } for comm="recovery" path="/data/server_configurable_flags" dev="dm-7" ino=571 scontext=u:r:recovery:s0 tcontext=u:object_r:server_configurable_flags_data_file:s0 tclass=dir permissive=1
[   16.722025] type=1400 audit(1780147487.966:2644): avc: denied { search } for comm="recovery" name="server_configurable_flags" dev="dm-7" ino=571 scontext=u:r:recovery:s0 tcontext=u:object_r:server_configurable_flags_data_file:s0 tclass=dir permissive=1
[   16.722052] type=1400 audit(1780147487.966:2645): avc: denied { getattr } for comm="recovery" path="/data/recovery" dev="dm-7" ino=69161 scontext=u:r:recovery:s0 tcontext=u:object_r:media_rw_data_file:s0 tclass=dir permissive=1
[   16.722079] type=1400 audit(1780147487.966:2646): avc: denied { read } for comm="recovery" name="recovery" dev="dm-7" ino=69161 scontext=u:r:recovery:s0 tcontext=u:object_r:media_rw_data_file:s0 tclass=dir permissive=1
[   16.722105] type=1400 audit(1780147487.966:2647): avc: denied { open } for comm="recovery" path="/data/recovery" dev="dm-7" ino=69161 scontext=u:r:recovery:s0 tcontext=u:object_r:media_rw_data_file:s0 tclass=dir permissive=1
[   16.722133] type=1400 audit(1780147487.966:2648): avc: denied { search } for comm="recovery" name="recovery" dev="dm-7" ino=69161 scontext=u:r:recovery:s0 tcontext=u:object_r:media_rw_data_file:s0 tclass=dir permissive=1
[   16.722160] type=1400 audit(1780147487.966:2649): avc: denied { write } for comm="recovery" name="fstab" dev="rootfs" ino=3979 scontext=u:r:recovery:s0 tcontext=u:object_r:rootfs:s0 tclass=file permissive=1
[   16.724778] type=1400 audit(1780147487.966:2650): avc: denied { read } for comm="recovery" name=".twrps" dev="dm-7" ino=84198 scontext=u:r:recovery:s0 tcontext=u:object_r:media_rw_data_file:s0 tclass=file permissive=1
[   16.724828] type=1400 audit(1780147487.966:2651): avc: denied { open } for comm="recovery" path="/data/recovery/.twrps" dev="dm-7" ino=84198 scontext=u:r:recovery:s0 tcontext=u:object_r:media_rw_data_file:s0 tclass=file permissive=1
[   16.725118] type=1400 audit(1780147487.970:2652): avc: denied { write } for comm="recovery" name="recovery" dev="dm-7" ino=69161 scontext=u:r:recovery:s0 tcontext=u:object_r:media_rw_data_file:s0 tclass=dir permissive=1
[   16.725150] type=1400 audit(1780147487.970:2653): avc: denied { remove_name } for comm="recovery" name=".version" dev="dm-7" ino=91913 scontext=u:r:recovery:s0 tcontext=u:object_r:media_rw_data_file:s0 tclass=dir permissive=1
[   16.725179] type=1400 audit(1780147487.970:2654): avc: denied { unlink } for comm="recovery" name=".version" dev="dm-7" ino=91913 scontext=u:r:recovery:s0 tcontext=u:object_r:media_rw_data_file:s0 tclass=file permissive=1
[   16.725206] type=1400 audit(1780147487.970:2655): avc: denied { add_name } for comm="recovery" name=".version" scontext=u:r:recovery:s0 tcontext=u:object_r:media_rw_data_file:s0 tclass=dir permissive=1
[   16.725233] type=1400 audit(1780147487.970:2656): avc: denied { create } for comm="recovery" name=".version" scontext=u:r:recovery:s0 tcontext=u:object_r:media_rw_data_file:s0 tclass=file permissive=1
[   16.725260] type=1400 audit(1780147487.970:2657): avc: denied { write } for comm="recovery" path="/data/recovery/.version" dev="dm-7" ino=91912 scontext=u:r:recovery:s0 tcontext=u:object_r:media_rw_data_file:s0 tclass=file permissive=1
[   16.725397] type=1400 audit(1780147487.970:2658): avc: denied { setattr } for comm="recovery" name="recovery.fstab" dev="dm-7" ino=69169 scontext=u:r:recovery:s0 tcontext=u:object_r:media_rw_data_file:s0 tclass=file permissive=1
[   16.729658] type=1107 audit(1780147487.974:2659): uid=0 auid=4294967295 ses=4294967295 subj=u:r:init:s0 msg='avc: denied { set } for property=persist.sys.timezone pid=391 uid=0 gid=0 scontext=u:r:recovery:s0 tcontext=u:object_r:exported_system_prop:s0 tclass=property_service permissive=1'
[   16.729792] set_backlight from 420 to 1043, Trend[cur:last=1:0], max[bl:brightness:thermal=2047:2047:2047], for mipi_mot_vid_boe_1080p_dsc_672_120hz
[   16.729908] type=1400 audit(1780147487.974:2660): avc: denied { write } for comm="recovery" name="brightness" dev="sysfs" ino=90864 scontext=u:r:recovery:s0 tcontext=u:object_r:sysfs:s0 tclass=file permissive=1
[   16.729986] type=1400 audit(1780147487.974:2661): avc: denied { read } for comm="health@2.1-serv" scontext=u:r:recovery:s0 tcontext=u:r:recovery:s0 tclass=netlink_kobject_uevent_socket permissive=1
[   16.730533] init: processing action (sys.usb.config=none && sys.usb.configfs=1) from (/system/etc/init/hw/init.rc:186)
[   16.730697] msm-dwc3 a600000.ssusb: DWC3_CONTROLLER_PULLUP_ENTER 0
[   16.732787] msm-dwc3 a600000.ssusb: DWC3_GSI_EVT_BUF_CLEAR
[   16.732797] msm-dwc3 a600000.ssusb: DWC3_CONTROLLER_NOTIFY_CLEAR_DB
[   16.732924] type=1400 audit(1780147487.978:2662): avc: denied { read } for comm="recovery" name=".twrps" dev="dm-7" ino=84198 scontext=u:r:recovery:s0 tcontext=u:object_r:media_rw_data_file:s0 tclass=file permissive=1
[   16.732975] type=1400 audit(1780147487.978:2663): avc: denied { open } for comm="recovery" path="/data/recovery/.twrps" dev="dm-7" ino=84198 scontext=u:r:recovery:s0 tcontext=u:object_r:media_rw_data_file:s0 tclass=file permissive=1
[   16.733004] type=1400 audit(1780147487.978:2664): avc: denied { getattr } for comm="recovery" path="/data/recovery/.twrps" dev="dm-7" ino=84198 scontext=u:r:recovery:s0 tcontext=u:object_r:media_rw_data_file:s0 tclass=file permissive=1
[   16.733285] type=1400 audit(1780147487.978:2665): avc: denied { unlink } for comm="recovery" name=".version" dev="dm-7" ino=91912 scontext=u:r:recovery:s0 tcontext=u:object_r:media_rw_data_file:s0 tclass=file permissive=1
[   16.733344] type=1400 audit(1780147487.978:2666): avc: denied { create } for comm="recovery" name=".version" scontext=u:r:recovery:s0 tcontext=u:object_r:media_rw_data_file:s0 tclass=file permissive=1
[   16.733399] type=1400 audit(1780147487.978:2667): avc: denied { write } for comm="recovery" path="/data/recovery/.version" dev="dm-7" ino=91922 scontext=u:r:recovery:s0 tcontext=u:object_r:media_rw_data_file:s0 tclass=file permissive=1
[   16.733521] type=1400 audit(1780147487.978:2668): avc: denied { setattr } for comm="recovery" name="recovery.fstab" dev="dm-7" ino=69169 scontext=u:r:recovery:s0 tcontext=u:object_r:media_rw_data_file:s0 tclass=file permissive=1
[   16.735352] type=1400 audit(1780147487.978:2669): avc: denied { write } for comm="recovery" name="brightness" dev="sysfs" ino=90864 scontext=u:r:recovery:s0 tcontext=u:object_r:sysfs:s0 tclass=file permissive=1
[   16.735393] type=1400 audit(1780147487.978:2670): avc: denied { open } for comm="recovery" path="/sys/devices/platform/soc/ae00000.qcom,mdss_mdp/backlight/panel0-backlight/brightness" dev="sysfs" ino=90864 scontext=u:r:recovery:s0 tcontext=u:object_r:sysfs:s0 tclass=file permissive=1
[   16.735424] type=1400 audit(1780147487.978:2671): avc: denied { getattr } for comm="recovery" path="/sys/devices/platform/soc/ae00000.qcom,mdss_mdp/backlight/panel0-backlight/brightness" dev="sysfs" ino=90864 scontext=u:r:recovery:s0 tcontext=u:object_r:sysfs:s0 tclass=file permissive=1
[   16.735828] msm-dwc3 a600000.ssusb: DWC3_CONTROLLER_PULLUP_EXIT 0
[   16.735852] dwc3 a600000.dwc3: request 0000000000000000 was not queued to ep0out
[   16.735938] USB_STATE=DISCONNECTED
[   16.736057] init: Sending signal 9 to service 'adbd' (pid 459) process group...
[   16.751739] type=1400 audit(1780147487.994:2672): avc: denied { ioctl } for comm="pigz" path="/data/recovery/log.gz" dev="dm-7" ino=69162 ioctlcmd=0x5401 scontext=u:r:recovery:s0 tcontext=u:object_r:media_rw_data_file:s0 tclass=file permissive=1
[   16.758021] type=1400 audit(1780147488.002:2673): avc: denied { fsetid } for comm="recovery" capability=4 scontext=u:r:recovery:s0 tcontext=u:r:recovery:s0 tclass=capability permissive=1
[   16.762731] type=1400 audit(1780147488.006:2674): avc: denied { create } for comm="recovery" name="twadbfifo" scontext=u:r:recovery:s0 tcontext=u:object_r:tmpfs:s0 tclass=fifo_file permissive=1
[   16.762799] type=1400 audit(1780147488.006:2675): avc: denied { read } for comm="recovery" name="twadbfifo" dev="tmpfs" ino=568 scontext=u:r:recovery:s0 tcontext=u:object_r:tmpfs:s0 tclass=fifo_file permissive=1
[   16.762830] type=1400 audit(1780147488.006:2676): avc: denied { open } for comm="recovery" path="/tmp/twadbfifo" dev="tmpfs" ino=568 scontext=u:r:recovery:s0 tcontext=u:object_r:tmpfs:s0 tclass=fifo_file permissive=1
[   16.762858] type=1400 audit(1780147488.006:2677): avc: denied { ioctl } for comm="recovery" path="/dev/block/dm-1" dev="tmpfs" ino=931 ioctlcmd=0x5331 scontext=u:r:recovery:s0 tcontext=u:object_r:dm_device:s0 tclass=blk_file permissive=1
[   16.773091] libprocessgroup: Successfully killed process cgroup uid 0 pid 459 in 37ms
[   16.773284] erofs: (device dm-1): mounted with root inode @ nid 59.
[   16.773320] init: Service 'adbd' (pid 459) received signal 9
[   16.774201] init: processing action (sys.usb.config=none && sys.usb.configfs=1) from (/init.recovery.usb.rc:74)
[   16.774350] init: Command 'write /config/usb_gadget/g1/UDC none' action=sys.usb.config=none && sys.usb.configfs=1 (/init.recovery.usb.rc:75) took 0ms and failed: Unable to write to file '/config/usb_gadget/g1/UDC': Unable to write file contents: No such device
[   16.774845] init: Command 'rm /config/usb_gadget/g1/configs/b.1/f1' action=sys.usb.config=none && sys.usb.configfs=1 (/init.recovery.usb.rc:82) took 0ms and failed: unlink() failed: No such file or directory
[   16.774863] init: Command 'rm /config/usb_gadget/g1/configs/b.1/f2' action=sys.usb.config=none && sys.usb.configfs=1 (/init.recovery.usb.rc:83) took 0ms and failed: unlink() failed: No such file or directory
[   16.774876] init: Command 'rm /config/usb_gadget/g1/configs/b.1/f3' action=sys.usb.config=none && sys.usb.configfs=1 (/init.recovery.usb.rc:84) took 0ms and failed: unlink() failed: No such file or directory
[   16.774982] init: processing action (sys.usb.config=mtp,adb && sys.usb.configfs=1) from (/init.recovery.usb.rc:93)
[   16.775013] init: starting service 'adbd'...
[   16.775230] init: Created socket '/dev/socket/adbd', mode 660, user 1000, group 1000
[   16.775598] type=1400 audit(1780147488.018:2678): avc: denied { ioctl } for comm="recovery" path="/dev/block/dm-1" dev="tmpfs" ino=931 ioctlcmd=0x5331 scontext=u:r:recovery:s0 tcontext=u:object_r:dm_device:s0 tclass=blk_file permissive=1
[   16.776796] init: processing action (init.svc.adbd=stopped) from (/init.recovery.usb.rc:87)
[   16.776918] init: processing action (init.svc.adbd=stopped) from (/init.recovery.usb.rc:87)
[   16.786211] erofs: (device dm-1): mounted with root inode @ nid 59.
[   16.787472] type=1400 audit(1780147488.030:2679): avc: denied { write } for comm="recovery" name="bin" dev="rootfs" ino=427 scontext=u:r:recovery:s0 tcontext=u:object_r:rootfs:s0 tclass=dir permissive=1
[   16.787535] type=1400 audit(1780147488.030:2680): avc: denied { add_name } for comm="recovery" name="orsin" scontext=u:r:recovery:s0 tcontext=u:object_r:rootfs:s0 tclass=dir permissive=1
[   16.787568] type=1400 audit(1780147488.030:2681): avc: denied { create } for comm="recovery" name="orsin" scontext=u:r:recovery:s0 tcontext=u:object_r:rootfs:s0 tclass=fifo_file permissive=1
[   16.787596] type=1400 audit(1780147488.030:2682): avc: denied { read } for comm="recovery" name="orsin" dev="rootfs" ino=3980 scontext=u:r:recovery:s0 tcontext=u:object_r:rootfs:s0 tclass=fifo_file permissive=1
[   16.787625] type=1400 audit(1780147488.030:2683): avc: denied { open } for comm="recovery" path="/system/bin/orsin" dev="rootfs" ino=3980 scontext=u:r:recovery:s0 tcontext=u:object_r:rootfs:s0 tclass=fifo_file permissive=1
[   16.790384] read descriptors
[   16.790392] bcdVersion must be 0x0100, stored in Little Endian order. Userspace driver should be fixed, accepting 0x0001 for compatibility.
[   16.790400] bcdVersion must be 0x0100, stored in Little Endian order. Userspace driver should be fixed, accepting 0x0001 for compatibility.
[   16.790408] read strings
[   16.790757] init: processing action (sys.usb.config=mtp,adb && sys.usb.configfs=1 && sys.usb.ffs.ready=1) from (/init.recovery.usb.rc:122)
[   16.791062] init: Command 'rm /config/usb_gadget/g1/configs/b.1/f1' action=sys.usb.config=mtp,adb && sys.usb.configfs=1 && sys.usb.ffs.ready=1 (/init.recovery.usb.rc:124) took 0ms and failed: unlink() failed: No such file or directory
[   16.791084] init: Command 'rm /config/usb_gadget/g1/configs/b.1/f2' action=sys.usb.config=mtp,adb && sys.usb.configfs=1 && sys.usb.ffs.ready=1 (/init.recovery.usb.rc:125) took 0ms and failed: unlink() failed: No such file or directory
[   16.791497] udc a600000.dwc3: failed to start g1: -19
[   16.791724] UDC core: g1: couldn't find an available UDC or it's busy
[   16.791763] type=1400 audit(1780147488.034:2684): avc: denied { read } for comm="health@2.1-serv" scontext=u:r:recovery:s0 tcontext=u:r:recovery:s0 tclass=netlink_kobject_uevent_socket permissive=1
[   16.791795] init: Command 'write /config/usb_gadget/g1/UDC ${sys.usb.controller}' action=sys.usb.config=mtp,adb && sys.usb.configfs=1 && sys.usb.ffs.ready=1 (/init.recovery.usb.rc:130) took 0ms and failed: Unable to write to file '/config/usb_gadget/g1/UDC': Unable to write file contents: Device or resource busy
[   16.812587] type=1400 audit(1780147488.054:2685): avc: denied { ioctl } for comm="recovery" path="/dev/dri/card0" dev="tmpfs" ino=671 ioctlcmd=0x64b0 scontext=u:r:recovery:s0 tcontext=u:object_r:device:s0 tclass=chr_file permissive=1
[   17.295113] type=1400 audit(1780147488.538:2686): avc: denied { call } for comm="recovery" scontext=u:r:recovery:s0 tcontext=u:r:recovery:s0 tclass=binder permissive=1
[   17.295320] type=1400 audit(1780147488.538:2687): avc: denied { transfer } for comm="hwservicemanage" scontext=u:r:recovery:s0 tcontext=u:r:recovery:s0 tclass=binder permissive=1
[   17.532808] read descriptors
[   17.532812] bcdVersion must be 0x0100, stored in Little Endian order. Userspace driver should be fixed, accepting 0x0001 for compatibility.
[   17.532823] read strings
[   17.533829] type=1400 audit(1780147488.778:2688): avc: denied { getattr } for comm="recovery" path="/data/media/0/init_boot.img" dev="dm-7" ino=14045 scontext=u:r:recovery:s0 tcontext=u:object_r:media_rw_data_file:s0:c67,c257,c512,c768 tclass=file permissive=1
[   17.534103] type=1400 audit(1780147488.778:2689): avc: denied { watch } for comm="recovery" path="/data/media/0" dev="dm-7" ino=5573 scontext=u:r:recovery:s0 tcontext=u:object_r:media_rw_data_file:s0 tclass=dir permissive=1
[   17.816894] read descriptors
[   17.816898] bcdVersion must be 0x0100, stored in Little Endian order. Userspace driver should be fixed, accepting 0x0001 for compatibility.
[   17.816904] bcdVersion must be 0x0100, stored in Little Endian order. Userspace driver should be fixed, accepting 0x0001 for compatibility.
[   17.816910] read strings
[   17.817152] init: processing action (sys.usb.config=mtp,adb && sys.usb.configfs=1 && sys.usb.ffs.ready=1) from (/init.recovery.usb.rc:122)
[   17.817639] bcdVersion must be 0x0100, stored in Little Endian order. Userspace driver should be fixed, accepting 0x0001 for compatibility.
[   17.817649] bcdVersion must be 0x0100, stored in Little Endian order. Userspace driver should be fixed, accepting 0x0001 for compatibility.
[   17.817651] bcdVersion must be 0x0100, stored in Little Endian order. Userspace driver should be fixed, accepting 0x0001 for compatibility.
[   17.817773] msm-dwc3 a600000.ssusb: DWC3_CONTROLLER_PULLUP_ENTER 1
[   17.819624] msm-dwc3 a600000.ssusb: DWC3_GSI_EVT_BUF_SETUP
[   17.819626] msm-dwc3 a600000.ssusb: Evt buf 0000000000000000 dma efffe000 length 4096
[   17.819631] msm-dwc3 a600000.ssusb: Evt buf 0000000000000000 dma efffd000 length 4096
[   17.819635] msm-dwc3 a600000.ssusb: Evt buf 0000000000000000 dma efffc000 length 4096
[   17.819638] dwc3 a600000.dwc3: Set IRQ thread:irq/222-dwc3 pid:609 to SCHED_NORMAL prio
[   17.820776] msm-dwc3 a600000.ssusb: DWC3_CONTROLLER_PULLUP_EXIT 1
[   17.924091] msm-usb-hsphy 88e3000.hsphy: Could not get usb psy
[   18.048477] msm-dwc3 a600000.ssusb: DWC3_CONTROLLER_NOTIFY_CLEAR_DB
[   18.049553] msm-usb-hsphy 88e3000.hsphy: Could not get usb psy
[   18.059472] msm-dwc3 a600000.ssusb: DWC3_CONTROLLER_CONNDONE_EVENT received
[   18.059494] msm-dwc3 a600000.ssusb: peripheral state
[   18.096148] USB_STATE=CONNECTED
[   18.232958] msm-usb-hsphy 88e3000.hsphy: Could not get usb psy
[   18.251698] msm-dwc3 a600000.ssusb: DWC3_CONTROLLER_NOTIFY_CLEAR_DB
[   18.252794] msm-usb-hsphy 88e3000.hsphy: Could not get usb psy
[   18.252845] USB_STATE=DISCONNECTED
[   18.262481] msm-dwc3 a600000.ssusb: DWC3_CONTROLLER_CONNDONE_EVENT received
[   18.262502] msm-dwc3 a600000.ssusb: peripheral state
[   18.300162] USB_STATE=CONNECTED
[   18.324140] msm-usb-hsphy 88e3000.hsphy: Could not get usb psy
[   18.324201] USB_STATE=CONFIGURED
[   21.949015] type=1400 audit(1780147493.194:2690): avc: denied { read } for comm="recovery" name="temp" dev="sysfs" ino=76440 scontext=u:r:recovery:s0 tcontext=u:object_r:sysfs:s0 tclass=file permissive=1
[   27.872924] qnoc-parrot soc:interconnect@1: sync_state() pending due to 1de0000.qcedev
[   27.872935] qnoc-parrot 1700000.interconnect: sync_state() pending due to 1de0000.qcedev
[   27.872941] gpu_cc-parrot 3d90000.clock-controller: sync_state() pending due to 3d00000.qcom,kgsl-3d0
[   27.872945] gcc-parrot 100000.clock-controller: sync_state() pending due to 3d00000.qcom,kgsl-3d0
[   27.872948] qnoc-parrot soc:interconnect@1: sync_state() pending due to 3d00000.qcom,kgsl-3d0
[   27.872951] qnoc-parrot 19100000.interconnect: sync_state() pending due to 3d00000.qcom,kgsl-3d0
[   27.872964] qnoc-parrot 1500000.interconnect: sync_state() pending due to 3e00000.qcom,ipa
[   27.872967] qnoc-parrot soc:interconnect@1: sync_state() pending due to 3e00000.qcom,ipa
[   27.872970] qnoc-parrot 19100000.interconnect: sync_state() pending due to 3e00000.qcom,ipa
[   27.872972] qnoc-parrot 1700000.interconnect: sync_state() pending due to 3e00000.qcom,ipa
[   27.872976] gdsc aaf5004.qcom,gdsc: sync_state() pending due to aa00000.qcom,vidc
[   27.872979] gdsc aaf6004.qcom,gdsc: sync_state() pending due to aa00000.qcom,vidc
[   27.872983] video_cc-parrot aaf0000.clock-controller: sync_state() pending due to aa00000.qcom,vidc
[   27.872986] qnoc-parrot soc:interconnect@1: sync_state() pending due to aa00000.qcom,vidc
[   27.872988] qnoc-parrot 1740000.interconnect: sync_state() pending due to aa00000.qcom,vidc
[   27.872991] qnoc-parrot 1500000.interconnect: sync_state() pending due to aa00000.qcom,vidc
[   27.872994] qnoc-parrot 19100000.interconnect: sync_state() pending due to aa00000.qcom,vidc
[   27.872997] gdsc 3d99108.qcom,gdsc: sync_state() pending due to 3da0000.qcom,kgsl-iommu
[   27.873000] gdsc 3d99108.qcom,gdsc: sync_state() pending due to 3d68000.qcom,gmu
[   27.873003] gdsc 3d9905c.qcom,gdsc: sync_state() pending due to 3d68000.qcom,gmu
[   27.873006] gcc-parrot 100000.clock-controller: sync_state() pending due to 3d68000.qcom,gmu
[   27.873009] gpu_cc-parrot 3d90000.clock-controller: sync_state() pending due to 3d68000.qcom,gmu
[   27.873013] gdsc adf4004.qcom,gdsc: sync_state() pending due to ace4000.qcom,csiphy0
[   27.873016] cam_cc-parrot ade0000.clock-controller: sync_state() pending due to ace4000.qcom,csiphy0
[   27.873019] gdsc adf4004.qcom,gdsc: sync_state() pending due to ace6000.qcom,csiphy1
[   27.873022] cam_cc-parrot ade0000.clock-controller: sync_state() pending due to ace6000.qcom,csiphy1
[   27.873025] gdsc adf4004.qcom,gdsc: sync_state() pending due to ace8000.qcom,csiphy2
[   27.873027] cam_cc-parrot ade0000.clock-controller: sync_state() pending due to ace8000.qcom,csiphy2
[   27.873030] gdsc adf4004.qcom,gdsc: sync_state() pending due to acea000.qcom,csiphy3
[   27.873033] cam_cc-parrot ade0000.clock-controller: sync_state() pending due to acea000.qcom,csiphy3
[   27.873035] gdsc adf4004.qcom,gdsc: sync_state() pending due to ac15000.qcom,cci0
[   27.873038] cam_cc-parrot ade0000.clock-controller: sync_state() pending due to ac15000.qcom,cci0
[   27.873041] gdsc adf4004.qcom,gdsc: sync_state() pending due to ac15000.qcom,cci0:qcom,eeprom@2
[   27.873044] cam_cc-parrot ade0000.clock-controller: sync_state() pending due to ac15000.qcom,cci0:qcom,eeprom@2
[   27.873047] gdsc adf4004.qcom,gdsc: sync_state() pending due to ac15000.qcom,cci0:qcom,cam-sensor0
[   27.873050] cam_cc-parrot ade0000.clock-controller: sync_state() pending due to ac15000.qcom,cci0:qcom,cam-sensor0
[   27.873054] gdsc adf4004.qcom,gdsc: sync_state() pending due to ac15000.qcom,cci0:qcom,cam-sensor2
[   27.873057] cam_cc-parrot ade0000.clock-controller: sync_state() pending due to ac15000.qcom,cci0:qcom,cam-sensor2
[   27.873059] gdsc adf4004.qcom,gdsc: sync_state() pending due to ac16000.qcom,cci1
[   27.873062] cam_cc-parrot ade0000.clock-controller: sync_state() pending due to ac16000.qcom,cci1
[   27.873065] gdsc adf4004.qcom,gdsc: sync_state() pending due to ac16000.qcom,cci1:qcom,cam-sensor1
[   27.873069] cam_cc-parrot ade0000.clock-controller: sync_state() pending due to ac16000.qcom,cci1:qcom,cam-sensor1
[   27.873072] gdsc adf4004.qcom,gdsc: sync_state() pending due to ac13000.qcom,cam-cpas
[   27.873075] cam_cc-parrot ade0000.clock-controller: sync_state() pending due to ac13000.qcom,cam-cpas
[   27.873078] qnoc-parrot soc:interconnect@1: sync_state() pending due to ac13000.qcom,cam-cpas
[   27.873081] qnoc-parrot 1740000.interconnect: sync_state() pending due to ac13000.qcom,cam-cpas
[   27.873083] qnoc-parrot 1500000.interconnect: sync_state() pending due to ac13000.qcom,cam-cpas
[   27.873086] qnoc-parrot 19100000.interconnect: sync_state() pending due to ac13000.qcom,cam-cpas
[   27.873089] gdsc adf4004.qcom,gdsc: sync_state() pending due to ac24000.qcom,cpas-cdm0
[   27.873092] cam_cc-parrot ade0000.clock-controller: sync_state() pending due to ac24000.qcom,cpas-cdm0
[   27.873094] gdsc adf4004.qcom,gdsc: sync_state() pending due to ac62000.qcom,tfe_csid0
[   27.873097] cam_cc-parrot ade0000.clock-controller: sync_state() pending due to ac62000.qcom,tfe_csid0
[   27.873100] gdsc adf4004.qcom,gdsc: sync_state() pending due to ac62000.qcom,tfe0
[   27.873103] cam_cc-parrot ade0000.clock-controller: sync_state() pending due to ac62000.qcom,tfe0
[   27.873105] gdsc adf4004.qcom,gdsc: sync_state() pending due to ac71000.qcom,tfe_csid1
[   27.873108] cam_cc-parrot ade0000.clock-controller: sync_state() pending due to ac71000.qcom,tfe_csid1
[   27.873111] gdsc adf4004.qcom,gdsc: sync_state() pending due to ac71000.qcom,tfe1
[   27.873114] cam_cc-parrot ade0000.clock-controller: sync_state() pending due to ac71000.qcom,tfe1
[   27.873117] gdsc adf4004.qcom,gdsc: sync_state() pending due to ac80000.qcom,tfe_csid2
[   27.873119] cam_cc-parrot ade0000.clock-controller: sync_state() pending due to ac80000.qcom,tfe_csid2
[   27.873122] gdsc adf4004.qcom,gdsc: sync_state() pending due to ac80000.qcom,tfe2
[   27.873125] cam_cc-parrot ade0000.clock-controller: sync_state() pending due to ac80000.qcom,tfe2
[   27.873128] gdsc adf4004.qcom,gdsc: sync_state() pending due to acf6000.qcom,tpg13
[   27.873130] cam_cc-parrot ade0000.clock-controller: sync_state() pending due to acf6000.qcom,tpg13
[   27.873133] gdsc adf4004.qcom,gdsc: sync_state() pending due to acf7000.qcom,tpg14
[   27.873136] cam_cc-parrot ade0000.clock-controller: sync_state() pending due to acf7000.qcom,tpg14
[   27.873139] gdsc adf4004.qcom,gdsc: sync_state() pending due to ac01000.qcom,lx7
[   27.873142] cam_cc-parrot ade0000.clock-controller: sync_state() pending due to ac01000.qcom,lx7
[   27.873145] gdsc adf4004.qcom,gdsc: sync_state() pending due to acfa000.qcom,cre
[   27.873147] cam_cc-parrot ade0000.clock-controller: sync_state() pending due to acfa000.qcom,cre
[   27.873150] gdsc adf4004.qcom,gdsc: sync_state() pending due to ac42000.qcom,ipe0
[   27.873153] cam_cc-parrot ade0000.clock-controller: sync_state() pending due to ac42000.qcom,ipe0
[   27.873155] gdsc adf4004.qcom,gdsc: sync_state() pending due to ac2c000.qcom,bps
[   27.873158] cam_cc-parrot ade0000.clock-controller: sync_state() pending due to ac2c000.qcom,bps
[   27.873189] qcom,rpmh-regulator 17a00000.rsc:drv@2:rpmh-regulator-ldob5: sync_state() pending due to ace4000.qcom,csiphy0
[   27.873192] qcom,rpmh-regulator 17a00000.rsc:drv@2:rpmh-regulator-ldob5: sync_state() pending due to ace6000.qcom,csiphy1
[   27.873195] qcom,rpmh-regulator 17a00000.rsc:drv@2:rpmh-regulator-ldob5: sync_state() pending due to ace8000.qcom,csiphy2
[   27.873197] qcom,rpmh-regulator 17a00000.rsc:drv@2:rpmh-regulator-ldob5: sync_state() pending due to acea000.qcom,csiphy3
[   27.873201] qcom,rpmh-regulator 17a00000.rsc:drv@2:rpmh-regulator-ldob11: sync_state() pending due to 22800000.qcom,icnss
[   27.873205] qcom,rpmh-regulator 17a00000.rsc:drv@2:rpmh-regulator-ldob14: sync_state() pending due to 22800000.qcom,icnss
[   27.873208] qcom,rpmh-regulator 17a00000.rsc:drv@2:rpmh-regulator-ldob14: sync_state() pending due to soc:bt_wcn3990
[   27.873211] qcom,rpmh-regulator 17a00000.rsc:drv@2:rpmh-regulator-ldob16: sync_state() pending due to ace4000.qcom,csiphy0
[   27.873214] qcom,rpmh-regulator 17a00000.rsc:drv@2:rpmh-regulator-ldob16: sync_state() pending due to ace6000.qcom,csiphy1
[   27.873217] qcom,rpmh-regulator 17a00000.rsc:drv@2:rpmh-regulator-ldob16: sync_state() pending due to ace8000.qcom,csiphy2
[   27.873219] qcom,rpmh-regulator 17a00000.rsc:drv@2:rpmh-regulator-ldob16: sync_state() pending due to acea000.qcom,csiphy3
[   27.873223] qcom,rpmh-regulator 17a00000.rsc:drv@2:rpmh-regulator-ldob22: sync_state() pending due to soc:bt_wcn3990
[   27.873227] qcom,rpmh-regulator 17a00000.rsc:drv@2:rpmh-regulator-ldob28: sync_state() pending due to soc:fpc_fpc1020
[   27.873230] qcom,rpmh-regulator 17a00000.rsc:drv@2:rpmh-regulator-ldob28: sync_state() pending due to soc:jiiov_fp
[   27.873235] qcom,rpmh-regulator 17a00000.rsc:drv@2:rpmh-regulator-ldoe1: sync_state() pending due to 22800000.qcom,icnss
[   27.873238] qcom,rpmh-regulator 17a00000.rsc:drv@2:rpmh-regulator-ldoe1: sync_state() pending due to soc:bt_wcn3990
[   27.873241] qcom,rpmh-regulator 17a00000.rsc:drv@2:rpmh-regulator-ldoe10: sync_state() pending due to 22800000.qcom,icnss
[   27.873244] qcom,rpmh-regulator 17a00000.rsc:drv@2:rpmh-regulator-ldoe10: sync_state() pending due to soc:bt_wcn3990
[   27.873247] qcom,rpmh-regulator 17a00000.rsc:drv@2:rpmh-regulator-ldoe11: sync_state() pending due to soc:fm_wcn39x0
[   27.873250] qcom,rpmh-regulator 17a00000.rsc:drv@2:rpmh-regulator-ldoe11: sync_state() pending due to 22800000.qcom,icnss
[   27.873274] qcom,rpmh-regulator 17a00000.rsc:drv@2:rpmh-regulator-ldob21: sync_state() pending due to 2-002c
[   76.357100] set_backlight from 1043 to 9, Trend[cur:last=0:1], max[bl:brightness:thermal=2047:2047:2047], for mipi_mot_vid_boe_1080p_dsc_672_120hz
[   78.359841] set_backlight from 9 to 0, Trend[cur:last=0:0], max[bl:brightness:thermal=2047:2047:2047], for mipi_mot_vid_boe_1080p_dsc_672_120hz
[   78.359989] [drm:_sde_kms_drm_check_dpms:1068] _sde_kms_drm_check_dpms, panel_type:1, notif_type:1, early_trigger:1
[   78.361997] [drm:dsi_display_disable [msm_drm]] [msm-dsi-info]: dsi_display_disable(DSI-1)+
[   78.362326] [drm:dsi_panel_disable [msm_drm]] [msm-dsi-info]: (mipi_mot_vid_boe_1080p_dsc_672_120hz)+
[   78.512882] dsi_panel_disable: (mipi_mot_vid_boe_1080p_dsc_672_120hz)+ : send deep_standby commands success! 
[   78.512983] [drm:dsi_panel_post_unprepare [msm_drm]] [msm-dsi-info]: (mipi_mot_vid_boe_1080p_dsc_672_120hz)+
[   78.544945] [drm:_sde_kms_drm_check_dpms:1068] _sde_kms_drm_check_dpms, panel_type:2, notif_type:1, early_trigger:0
[   78.545076] regulator regulator.69: Invalid Disable while disp_cc_mdss_core_gdsc is under HW control
[   78.545083] disp_cc_mdss_core_gdsc: failed to disable: -EBUSY
[  139.874788] mmi_info: Unknown symbol mmi_annotate_persist (err -2)
[  139.874879] mmi_info: Unknown symbol mmi_annotate (err -2)
[  139.991116] mmi_annotate soc:mmi_annotate: size 1000
[  139.991123] mmi_annotate soc:mmi_annotate: addr adfff000
[  139.991130] mmi_annotate soc:mmi_annotate: mem-size 2000
[  139.991132] mmi_annotate soc:mmi_annotate: persist unsupported : 1
[  140.098387] mmi_sys_temp soc:sys_temp_support: bad number of sensors-listener: -22
[  140.098942] mmi_sys_temp soc:sys_temp_support: No sensor need uevent
[  140.098965] mmi_sys_temp soc:sys_temp_support: No configure sensors listener !
[  140.212225] mmi_lpm_dbg_probe
[  140.212232] mmi_lpm_dbg_probe trigger thresh 1200, work delay 200, retrigger 7200
[  140.320919] mmi_charger: Unknown symbol bi_bootmode (err -2)
[  140.433330] moto sensor init!
[  140.433373] sensor init success!
[  140.545514] [D][ANC_DRIVER][ancfp_init] entry
[  140.546084] [D][ANC_DRIVER][anc_probe] entry
[  140.546088] [D][ANC_DRIVER][anc_parse_dts] vdd_use_gpio = 0, vdd_use_pmic = 1, use_gpio_init = 0
[  140.546091] [D][ANC_DRIVER][anc_parse_dts] vreg config: name = vdd, vmin = 3000000, vmax = 3000000, ua_load = 5000
[  140.546535] [D][ANC_DRIVER][anc_create_device] Major number of device = 486
[  140.546612] [D][ANC_DRIVER][anc_probe] Create sysfs path = soc:jiiov_fp
[  140.546618] [D][ANC_DRIVER][anc_probe] Success
[  140.546752] [D][ANC_DRIVER][ancfp_init] success
[  140.546762] [D][ANC_DRIVER][anc_netlink_init] anc_netlink_init
[  140.657750] failed to get pwr gpio!
[  140.658317] fpc1020_power_on : enable  pwr_supply return 0 
[  140.675751] fpc1020 soc:fpc_fpc1020: fpc1020_probe: ok
[  140.787789] ilitek_v4_mmi: Unknown symbol mmi_device_is_available (err -2)
[  140.973115] audio_pkt_dlkm: Unknown symbol msm_audio_ion_crash_handler (err -2)
[  140.973170] audio_pkt_dlkm: Unknown symbol msm_audio_get_phy_addr (err -2)
[  141.163224] awinic sar driver version v0.1.5.14
[  141.163581] aw_sar_i2c_probe enter
[  141.163585] awinic_sar 2-0012:  [aw_sar.c:aw_sar_regulator_power:2012] regulator-power-supply = <0>
[  141.163691] awinic_sar 2-0012:  [aw_sar_comm_interface.c:aw_sar_i2c_read:62] i2c read error reg: 0xff10, ret= -107 cnt= 5
[  141.166801] awinic_sar 2-0012:  [aw_sar_comm_interface.c:aw_sar_i2c_read:62] i2c read error reg: 0xff10, ret= -107 cnt= 4
[  141.168947] awinic_sar 2-0012:  [aw_sar_comm_interface.c:aw_sar_i2c_read:62] i2c read error reg: 0xff10, ret= -107 cnt= 3
[  141.172049] awinic_sar 2-0012:  [aw_sar_comm_interface.c:aw_sar_i2c_read:62] i2c read error reg: 0xff10, ret= -107 cnt= 2
[  141.175152] awinic_sar 2-0012:  [aw_sar_comm_interface.c:aw_sar_i2c_read:62] i2c read error reg: 0xff10, ret= -107 cnt= 1
[  141.178254] awinic_sar 2-0012:  [aw_sar_comm_interface.c:aw_sar_i2c_read:62] i2c read error reg: 0xff10, ret= -107 cnt= 0
[  141.180771] awinic_sar 2-0012:  [aw_sar_comm_interface.c:aw_sar_i2c_read:70] i2c read error!
[  141.180775] awinic_sar 2-0012:  [aw963xx.c:aw963xx_check_chipid:675] read CHIP ID failed: -1
[  141.180778] awinic_sar 2-0012:  [aw_sar.c:aw_sar_get_chip_info:2292] drvier:0 Not supported
[  141.180780] awinic_sar 2-0012:  [aw_sar.c:aw_sar_i2c_probe:2072] chip_init error!
[  141.180782] aw963xx_deinit enter
[  141.180785] awinic_sar: probe of 2-0012 failed with error -1
[  141.486175] btpower: Unknown symbol rfkill_alloc (err -2)
[  141.486202] btpower: Unknown symbol rfkill_init_sw_state (err -2)
[  141.486216] btpower: Unknown symbol rfkill_register (err -2)
[  141.486232] btpower: Unknown symbol rfkill_destroy (err -2)
[  141.486246] btpower: Unknown symbol rfkill_unregister (err -2)
[  141.550193] bt_fm_slim: Unknown symbol btpower_get_chipset_version (err -2)
[  141.550298] bt_fm_slim: Unknown symbol btpower_register_slimdev (err -2)
[  141.823986] msm_cam_smmu soc:qcom,cam_smmu:msm_cam_smmu_tfe: Adding to iommu group 11
[  141.824272] msm_cam_smmu soc:qcom,cam_smmu:msm_cam_smmu_icp: Adding to iommu group 12
[  141.824483] msm_cam_smmu soc:qcom,cam_smmu:msm_cam_smmu_cre: Adding to iommu group 13
[  141.824806] msm_cam_smmu soc:qcom,cam_smmu:msm_cam_smmu_cpas_cdm: Adding to iommu group 14
[  141.830120] SPI driver qcom_eeprom has no spi_device_id for qcom,eeprom
[  141.831171] cam_cc-parrot ade0000.clock-controller: sync_state
[  141.831779] cam_req_mgr soc:qcom,cam-req-mgr: bound soc:qcom,cam-sync (ops cam_sync_component_ops [camera])
[  141.832007] cam_req_mgr soc:qcom,cam-req-mgr: bound soc:qcom,cam_smmu (ops cam_smmu_component_ops [camera])
[  141.832187] cam_req_mgr soc:qcom,cam-req-mgr: bound soc:qcom,cam_smmu:msm_cam_smmu_tfe (ops cam_smmu_cb_component_ops [camera])
[  141.832357] CAM_INFO: CAM-SMMU: cam_smmu_get_memory_regions_info: 4167 [icp] : Discard region specified [0xe0000000 0xe0800000] in [0x10c00000 0xfef00000]
[  141.832372] cam_req_mgr soc:qcom,cam-req-mgr: bound soc:qcom,cam_smmu:msm_cam_smmu_icp (ops cam_smmu_cb_component_ops [camera])
[  141.832540] cam_req_mgr soc:qcom,cam-req-mgr: bound soc:qcom,cam_smmu:msm_cam_smmu_cre (ops cam_smmu_cb_component_ops [camera])
[  141.832706] cam_req_mgr soc:qcom,cam-req-mgr: bound soc:qcom,cam_smmu:msm_cam_smmu_cpas_cdm (ops cam_smmu_cb_component_ops [camera])
[  141.832890] cam_req_mgr soc:qcom,cam-req-mgr: bound soc:qcom,cam_smmu:msm_cam_smmu_secure (ops cam_smmu_cb_component_ops [camera])
[  141.833595] CAM_INFO: CAM-CPAS: cam_cpas_get_hw_features: 612 feature 0x17 addr 0x221c8130, mask 0x800000, shift 0x17 type 0x1 hw_map 0xff
[  141.833605] CAM_INFO: CAM-CPAS: cam_cpas_get_hw_features: 635 fuse_addr 0x221c8130, fuse_val c1800040
[  141.833608] CAM_INFO: CAM-CPAS: cam_cpas_get_hw_features: 695 feature 0x17 enable=1 hw_map=0xff
[  141.833612] CAM_INFO: CAM-CPAS: cam_cpas_get_hw_features: 612 feature 0x3 addr 0x221c8128, mask 0x60000, shift 0x11 type 0x2 hw_map 0xff
[  141.833617] CAM_INFO: CAM-CPAS: cam_cpas_get_hw_features: 635 fuse_addr 0x221c8128, fuse_val 80000000
[  141.833619] CAM_INFO: CAM-CPAS: cam_cpas_get_hw_features: 702 feature 0x3 value=0x0 hw_map=0xff
[  141.833622] CAM_INFO: CAM-CPAS: cam_cpas_get_hw_features: 612 feature 0x0 addr 0x221c8130, mask 0x1000000, shift 0x18 type 0x1 hw_map 0xff
[  141.833627] CAM_INFO: CAM-CPAS: cam_cpas_get_hw_features: 695 feature 0x0 enable=1 hw_map=0xff
[  141.833630] CAM_INFO: CAM-CPAS: cam_cpas_get_hw_features: 612 feature 0x8 addr 0x221c8128, mask 0x80000, shift 0x13 type 0x1 hw_map 0xff
[  141.833634] CAM_INFO: CAM-CPAS: cam_cpas_get_hw_features: 695 feature 0x8 enable=0 hw_map=0xff
[  141.835337] cam_req_mgr soc:qcom,cam-req-mgr: bound ac13000.qcom,cam-cpas (ops cam_cpas_dev_component_ops [camera])
[  141.835694] cam_req_mgr soc:qcom,cam-req-mgr: bound soc:qcom,cam-cdm-intf (ops cam_cdm_intf_component_ops [camera])
[  141.837085] cam_req_mgr soc:qcom,cam-req-mgr: bound ac24000.qcom,cpas-cdm0 (ops cam_hw_cdm_component_ops [camera])
[  141.837324] CAM_INFO: CAM-CPAS: cam_tfe_init_soc_resources: 61 tfe:0 I:0 pid 4
[  141.837327] CAM_INFO: CAM-CPAS: cam_tfe_init_soc_resources: 61 tfe:0 I:1 pid 8
[  141.837330] CAM_WARN: CAM-ISP: cam_tfe_init_soc_resources: 71 Option clk get failed with rc -22
[  141.838200] cam_req_mgr soc:qcom,cam-req-mgr: bound ac62000.qcom,tfe0 (ops cam_tfe_component_ops [camera])
[  141.838438] CAM_INFO: CAM-CPAS: cam_tfe_init_soc_resources: 61 tfe:1 I:0 pid 5
[  141.838441] CAM_INFO: CAM-CPAS: cam_tfe_init_soc_resources: 61 tfe:1 I:1 pid 9
[  141.838443] CAM_WARN: CAM-ISP: cam_tfe_init_soc_resources: 71 Option clk get failed with rc -22
[  141.839314] cam_req_mgr soc:qcom,cam-req-mgr: bound ac71000.qcom,tfe1 (ops cam_tfe_component_ops [camera])
[  141.839550] CAM_INFO: CAM-CPAS: cam_tfe_init_soc_resources: 61 tfe:2 I:0 pid 6
[  141.839552] CAM_INFO: CAM-CPAS: cam_tfe_init_soc_resources: 61 tfe:2 I:1 pid 10
[  141.839555] CAM_WARN: CAM-ISP: cam_tfe_init_soc_resources: 71 Option clk get failed with rc -22
[  141.840412] cam_req_mgr soc:qcom,cam-req-mgr: bound ac80000.qcom,tfe2 (ops cam_tfe_component_ops [camera])
[  141.841659] cam_req_mgr soc:qcom,cam-req-mgr: bound ac62000.qcom,tfe_csid0 (ops cam_tfe_csid_component_ops [camera])
[  141.842888] cam_req_mgr soc:qcom,cam-req-mgr: bound ac71000.qcom,tfe_csid1 (ops cam_tfe_csid_component_ops [camera])
[  141.844136] cam_req_mgr soc:qcom,cam-req-mgr: bound ac80000.qcom,tfe_csid2 (ops cam_tfe_csid_component_ops [camera])
[  141.844922] cam_req_mgr soc:qcom,cam-req-mgr: bound soc:qcom,cam-isp (ops cam_isp_dev_component_ops [camera])
[  141.845117] cam_req_mgr soc:qcom,cam-req-mgr: bound soc:qcom,cam-res-mgr (ops cam_res_mgr_component_ops [camera])
[  141.846331] cam_req_mgr soc:qcom,cam-req-mgr: bound ac15000.qcom,cci0 (ops cam_cci_component_ops [camera])
[  141.847120] cam_req_mgr soc:qcom,cam-req-mgr: bound ac16000.qcom,cci1 (ops cam_cci_component_ops [camera])
[  141.848205] cam_req_mgr soc:qcom,cam-req-mgr: bound ace4000.qcom,csiphy0 (ops cam_csiphy_component_ops [camera])
[  141.849084] cam_req_mgr soc:qcom,cam-req-mgr: bound ace6000.qcom,csiphy1 (ops cam_csiphy_component_ops [camera])
[  141.849633] cam_req_mgr soc:qcom,cam-req-mgr: bound ace8000.qcom,csiphy2 (ops cam_csiphy_component_ops [camera])
[  141.850143] cam_req_mgr soc:qcom,cam-req-mgr: bound acea000.qcom,csiphy3 (ops cam_csiphy_component_ops [camera])
[  141.850648] cam_req_mgr soc:qcom,cam-req-mgr: bound ac15000.qcom,cci0:qcom,actuator0 (ops cam_actuator_platform_component_ops [camera])
[  141.851875] cam_req_mgr soc:qcom,cam-req-mgr: bound ac15000.qcom,cci0:qcom,cam-sensor0 (ops cam_sensor_component_ops [camera])
[  141.852903] cam_req_mgr soc:qcom,cam-req-mgr: bound ac15000.qcom,cci0:qcom,cam-sensor2 (ops cam_sensor_component_ops [camera])
[  141.853936] cam_req_mgr soc:qcom,cam-req-mgr: bound ac16000.qcom,cci1:qcom,cam-sensor1 (ops cam_sensor_component_ops [camera])
[  141.854424] cam_req_mgr soc:qcom,cam-req-mgr: bound ac15000.qcom,cci0:qcom,eeprom@2 (ops cam_eeprom_component_ops [camera])
[  141.854627] CAM_INFO: CAM-EEPROM: cam_eeprom_get_dt_data: 219 No GPIO found
[  141.854725] cam_req_mgr soc:qcom,cam-req-mgr: bound ac15000.qcom,cci0:qcom,eeprom@0 (ops cam_eeprom_component_ops [camera])
[  141.854901] CAM_INFO: CAM-EEPROM: cam_eeprom_get_dt_data: 219 No GPIO found
[  141.854995] cam_req_mgr soc:qcom,cam-req-mgr: bound ac16000.qcom,cci1:qcom,eeprom@1 (ops cam_eeprom_component_ops [camera])
[  141.855425] cam_req_mgr soc:qcom,cam-req-mgr: bound acf6000.qcom,tpg13 (ops cam_tpg_component_ops [camera])
[  141.855816] cam_req_mgr soc:qcom,cam-req-mgr: bound acf7000.qcom,tpg14 (ops cam_tpg_component_ops [camera])
[  141.855985] CAM_ERR: CAM-FLASH: cam_get_source_node_info: 84 flash-type read failed rc=-22
[  141.856462] cam_req_mgr soc:qcom,cam-req-mgr: bound soc:qcom,camera-flash@0 (ops cam_flash_component_ops [camera])
[  141.856642] CAM_ERR: CAM-FLASH: cam_get_source_node_info: 84 flash-type read failed rc=-22
[  141.856709] cam_req_mgr soc:qcom,cam-req-mgr: bound soc:qcom,camera-flash@1 (ops cam_flash_component_ops [camera])
[  141.857191] cam_req_mgr soc:qcom,cam-req-mgr: bound ac01000.qcom,lx7 (ops cam_lx7_component_ops [camera])
[  141.857488] cam_req_mgr soc:qcom,cam-req-mgr: bound ac42000.qcom,ipe0 (ops cam_ipe_component_ops [camera])
[  141.857799] cam_req_mgr soc:qcom,cam-req-mgr: bound ac2c000.qcom,bps (ops cam_bps_component_ops [camera])
[  141.858988] cam_req_mgr soc:qcom,cam-req-mgr: bound soc:qcom,cam-icp (ops cam_icp_component_ops [camera])
[  141.860199] cam_req_mgr soc:qcom,cam-req-mgr: bound acfa000.qcom,cre (ops cam_cre_component_ops [camera])
[  141.860893] cam_req_mgr soc:qcom,cam-req-mgr: bound soc:qcom,cam-cre (ops cam_cre_subdev_component_ops [camera])
[  141.861073] CAM_INFO: CAM-CRM: cam_req_mgr_component_master_bind: 883 All components bound successfully, Spectra camera driver initialized
[  141.988613] cfg80211: Unknown symbol rfkill_alloc (err -2)
[  141.988668] cfg80211: Unknown symbol rfkill_register (err -2)
[  141.988685] cfg80211: Unknown symbol rfkill_destroy (err -2)
[  141.988709] cfg80211: Unknown symbol rfkill_unregister (err -2)
[  141.988783] cfg80211: Unknown symbol rfkill_resume_polling (err -2)
[  141.988807] cfg80211: Unknown symbol rfkill_set_hw_state_reason (err -2)
[  141.988870] cfg80211: Unknown symbol rfkill_blocked (err -2)
[  142.116614] <I>CTS-SPIDrv Chipone touch driver init, version: v3.4.7
[  142.116624] <I>CTS-SPIDrv  - Register spi driver
[  142.116941] <I>CTS-SPIDrv qcom,mdss_dsi_mot_boe_icnl9922c_672_dsc_120hz_vid_fhd check active_panel
[  142.116949] <I>CTS-SPIDrv BOOT_CONFIG is define
[  142.116957] <I>CTS-SPIDrv bootmode info: androidboot.mode=recovery\x0aandroidboot.baseband=msm\x0aandroidboot.dtbo_idx=0\x0aandroidboot.dtb_idx=0\x0aandroidboot.fstab_suffix=default\x0aandroidboot.serialconsole=0\x0aandroidboot.vendor.qspa.gpu=enabled\x0aandroidboot.vendor.qspa.video=enabled\x0aandroidboot.vendor.qspa.camera=enabled\x0aandroidboot.vendor.qspa.display=enabled\x0aandroidboot.vendor.qspa.audio=enabled\x0aandroidboot.vendor.qspa.modem=enabled\x0aandroidboot.vendor.qspa.wlan=enabled\x0aandroidboot.vendor.qspa.comp=enabled\x0aandroidboot.vendor.qspa.sensors=enabled\x0aandroidboot.vendor.qspa.npu=enabled\x0aandroidboot.vendor.qspa.spss=enabled\x0aandroidboot.vendor.qspa.nav=enabled\x0aandroidboot.vendor.qspa.comp1=enabled\x0aandroidboot.vendor.qspa.display1=enabled\x0aandroidboot.vendor.qspa.nsp=enabled\x0aandroidboot.vendor.qspa.eva=enabled\x0aandroidboot.verifiedbootstate=orange\x0aandroidboot.keymaster=1\x0aandroidboot.slot_suffix=_a\x0aandroidboot.secure_hardware=1\x0aandroidboot.device_lcs_state=0x3\x0aandroidboot.cid=0x000B\x0aandroidboot.cid_sw=0xDEAD\x0aandroidboot.write_protect=0\x0aandroi
[  142.116960] <I>CTS-SPIDrv bootmode=recovery\x0aandroidboot.baseband=msm\x0aandroidboot.dtbo_idx=0\x0aandroidboot.dtb_idx=0\x0aandroidboot.fstab_suffix=default\x0aandroidboot.serialconsole=0\x0aandroidboot.vendor.qspa.gpu=enabled\x0aandroidboot.vendor.qspa.video=enabled\x0aandroidboot.vendor.qspa.camera=enabled\x0aandroidboot.vendor.qspa.display=enabled\x0aandroidboot.vendor.qspa.audio=enabled\x0aandroidboot.vendor.qspa.modem=enabled\x0aandroidboot.vendor.qspa.wlan=enabled\x0aandroidboot.vendor.qspa.comp=enabled\x0aandroidboot.vendor.qspa.sensors=enabled\x0aandroidboot.vendor.qspa.npu=enabled\x0aandroidboot.vendor.qspa.spss=enabled\x0aandroidboot.vendor.qspa.nav=enabled\x0aandroidboot.vendor.qspa.comp1=enabled\x0aandroidboot.vendor.qspa.display1=enabled\x0aandroidboot.vendor.qspa.nsp=enabled\x0aandroidboot.vendor.qspa.eva=enabled\x0aandroidboot.verifiedbootstate=orange\x0aandroidboot.keymaster=1\x0aandroidboot.slot_suffix=_a\x0aandroidboot.secure_hardware=1\x0aandroidboot.device_lcs_state=0x3\x0aandroidboot.cid=0x000B\x0aandroidboot.cid_sw=0xDEAD\x0aandroidboot.write_protect=0\x0aandroidboot.moto_kern_prot=tr
[  142.116966] <I>CTS-SPIDrv Charger mode = 0
[  142.116976] <I>CTS-Plat cts_init_platform_data Init
[  142.116979] <I>CTS-Plat Parse device tree
[  142.116987] <I>CTS-Plat   int gpio    : 577
[  142.116993] <I>CTS-Plat   irq num     : 268
[  142.116997] <I>CTS-Plat   rst gpio    : 643
[  142.117000] <E>CTS-Plat Parse RST PULL FLAG from dt failed 0
[  142.117003] <I>CTS-Plat   rst pull flag: 0
[  142.117006] <I>CTS-Plat   gesture wait pm: 1
[  142.117009] <I>CTS-Plat   X resolution: 4320
[  142.117011] <I>CTS-Plat   Y resolution: 9600
[  142.117014] <I>CTS-Plat   resolution_boost: 4
[  142.117017] <I>CTS-Plat chipone,build_id=0x0101
[  142.117019] <I>CTS-Plat chipone,config_id=0x0001
[  142.117022] <I>CTS-Plat chipone,supported_gesture_type=06\x0a
[  142.117526] input: chipone-tddi as /devices/platform/soc/ac0000.qcom,qupv3_1_geni_se/a8c000.spi/spi_master/spi0/spi0.0/input/input3
[  142.118124] <I>CTS-Plat chip_select  :0
[  142.118130] <I>CTS-Plat spi_mode     :0
[  142.118133] <I>CTS-Plat bits_per_word:8
[  142.118263] <I>CTS-SPIDrv get tp_module:3
[  142.118266] <I>CTS-SPIDrv Found module: ini fw name = boe_chipone_firmware.bin
[  142.118269] <I>CTS-Plat Request resource
[  142.118285] <I>CTS-Core Reset device
[  142.118287] <I>CTS-Plat Reset device
[  142.169298] <I>CTS-Core Probe device
[  142.169506] spi_geni a8c000.spi: tx_fifo 16 rx_fifo 16 tx_width 32
[  142.169832] <W>CTS-Core Normal mode spi addr is offline
[  142.169835] <I>CTS-Core Get device hardware id
[  142.169837] <I>CTS-Core Device hardware data not initialized, try to read from register
[  142.169839] <I>CTS-Core Enter program mode
[  142.175157] <E>CTS-Plat SPI RX CRC error: rx_crc 0000 != ffffffff
[  142.175328] <E>CTS-Plat SPI RX CRC error: rx_crc 0000 != ffffffff
[  142.175497] <E>CTS-Plat SPI RX CRC error: rx_crc 0000 != ffffffff
[  142.175666] <E>CTS-Plat SPI RX CRC error: rx_crc 0000 != ffffffff
[  142.175835] <E>CTS-Plat SPI RX CRC error: rx_crc 0000 != ffffffff
[  142.175837] <E>CTS-Plat SPI read too much retry
[  142.175839] <E>CTS-Core Read boot mode failed -5
[  142.175841] <E>CTS-Core Read BOOT_MODE failed -5
[  142.175843] <E>CTS-Core Enter program mode failed -5
[  142.175844] <E>CTS-Core Get hardware id failed -5 retries 1
[  142.175846] <I>CTS-Core Reset device
[  142.175848] <I>CTS-Plat Reset device
[  142.226856] <I>CTS-Core Get device hardware id
[  142.226860] <I>CTS-Core Device hardware data not initialized, try to read from register
[  142.227034] <E>CTS-Plat SPI RX CRC error: rx_crc 0000 != ffffffff
[  142.227204] <E>CTS-Plat SPI RX CRC error: rx_crc 0000 != ffffffff
[  142.227374] <E>CTS-Plat SPI RX CRC error: rx_crc 0000 != ffffffff
[  142.227543] <E>CTS-Plat SPI RX CRC error: rx_crc 0000 != ffffffff
[  142.227713] <E>CTS-Plat SPI RX CRC error: rx_crc 0000 != ffffffff
[  142.227715] <E>CTS-Plat SPI read too much retry
[  142.227717] <E>CTS-Core Get hardware id failed -5 retries 2
[  142.227718] <I>CTS-Core Reset device
[  142.227720] <I>CTS-Plat Reset device
[  142.278733] <I>CTS-Core Get device hardware id
[  142.278737] <I>CTS-Core Device hardware data not initialized, try to read from register
[  142.278911] <E>CTS-Plat SPI RX CRC error: rx_crc 0000 != ffffffff
[  142.279081] <E>CTS-Plat SPI RX CRC error: rx_crc 0000 != ffffffff
[  142.279250] <E>CTS-Plat SPI RX CRC error: rx_crc 0000 != ffffffff
[  142.279420] <E>CTS-Plat SPI RX CRC error: rx_crc 0000 != ffffffff
[  142.279589] <E>CTS-Plat SPI RX CRC error: rx_crc 0000 != ffffffff
[  142.279591] <E>CTS-Plat SPI read too much retry
[  142.279593] <E>CTS-Core Get hardware id failed -5 retries 3
[  142.279595] <E>CTS-SPIDrv Probe device failed -19
[  142.279597] <I>CTS-Plat Free resource
[  142.279644] <I>CTS-Plat De-Init platform_data
[  142.279867] <E>CTS-SPIDrv Probe failed -19
[  142.345104] CLD80211: Initializing
[  144.089183] fm_ctrl_vreg_config: enable elan regulator done.
[  144.089190] fm_ctrl disable elan as default.
[  144.089196] fm_ctrl soc:fm_wcn39x0: probe: All success !
[  144.212411] fs1815_dlkm: Unknown symbol spkr_amp_dev_register (err -2)
[  144.274691] spkr-amp-mngr soc:frsm_amp_mngr: Version: v1.0.3
[  144.274698] spkr-amp-mngr soc:frsm_amp_mngr: amp-ndev:2 spk-prefix:SPK register-dapm:0
[  145.270108] (NULL device *): msm_gsi_probe:5988 No MSIs configured
[  145.709025] icnss2: Unknown symbol wlfw_msa_info_resp_msg_v01_ei (err -2)
[  145.709064] icnss2: Unknown symbol wlfw_msa_info_req_msg_v01_ei (err -2)
[  145.709110] icnss2: Unknown symbol wlfw_msa_ready_resp_msg_v01_ei (err -2)
[  145.709122] icnss2: Unknown symbol wlfw_msa_ready_req_msg_v01_ei (err -2)
[  145.709135] icnss2: Unknown symbol wlfw_device_info_resp_msg_v01_ei (err -2)
[  145.709150] icnss2: Unknown symbol wlfw_device_info_req_msg_v01_ei (err -2)
[  145.709163] icnss2: Unknown symbol wlfw_power_save_req_msg_v01_ei (err -2)
[  145.709176] icnss2: Unknown symbol wlfw_soc_wake_resp_msg_v01_ei (err -2)
[  145.709187] icnss2: Unknown symbol wlfw_soc_wake_req_msg_v01_ei (err -2)
[  145.709199] icnss2: Unknown symbol wlfw_ind_register_resp_msg_v01_ei (err -2)
[  145.709213] icnss2: Unknown symbol wlfw_ind_register_req_msg_v01_ei (err -2)
[  145.709225] icnss2: Unknown symbol wlfw_cal_report_resp_msg_v01_ei (err -2)
[  145.709236] icnss2: Unknown symbol wlfw_cal_report_req_msg_v01_ei (err -2)
[  145.709247] icnss2: Unknown symbol wlfw_cap_resp_msg_v01_ei (err -2)
[  145.709260] icnss2: Unknown symbol wlfw_cap_req_msg_v01_ei (err -2)
[  145.709280] icnss2: Unknown symbol dms_get_mac_address_resp_msg_v01_ei (err -2)
[  145.709295] icnss2: Unknown symbol dms_get_mac_address_req_msg_v01_ei (err -2)
[  145.709307] icnss2: Unknown symbol wlfw_mac_addr_resp_msg_v01_ei (err -2)
[  145.709320] icnss2: Unknown symbol wlfw_mac_addr_req_msg_v01_ei (err -2)
[  145.709370] icnss2: Unknown symbol wlfw_bdf_download_resp_msg_v01_ei (err -2)
[  145.709382] icnss2: Unknown symbol wlfw_bdf_download_req_msg_v01_ei (err -2)
[  145.709397] icnss2: Unknown symbol wlfw_qdss_trace_data_resp_msg_v01_ei (err -2)
[  145.709410] icnss2: Unknown symbol wlfw_qdss_trace_data_req_msg_v01_ei (err -2)
[  145.709421] icnss2: Unknown symbol wlfw_qdss_trace_config_download_req_msg_v01_ei (err -2)
[  145.709433] icnss2: Unknown symbol wlfw_qdss_trace_config_download_resp_msg_v01_ei (err -2)
[  145.709444] icnss2: Unknown symbol wlfw_wlan_mode_resp_msg_v01_ei (err -2)
[  145.709455] icnss2: Unknown symbol wlfw_wlan_mode_req_msg_v01_ei (err -2)
[  145.709466] icnss2: Unknown symbol wlfw_qdss_trace_mode_resp_msg_v01_ei (err -2)
[  145.709481] icnss2: Unknown symbol wlfw_qdss_trace_mode_req_msg_v01_ei (err -2)
[  145.709495] icnss2: Unknown symbol wlfw_shutdown_resp_msg_v01_ei (err -2)
[  145.709507] icnss2: Unknown symbol wlfw_shutdown_req_msg_v01_ei (err -2)
[  145.709519] icnss2: Unknown symbol wlfw_ini_resp_msg_v01_ei (err -2)
[  145.709530] icnss2: Unknown symbol wlfw_ini_req_msg_v01_ei (err -2)
[  145.709542] icnss2: Unknown symbol wlfw_athdiag_read_resp_msg_v01_ei (err -2)
[  145.709552] icnss2: Unknown symbol wlfw_athdiag_read_req_msg_v01_ei (err -2)
[  145.709563] icnss2: Unknown symbol wlfw_athdiag_write_resp_msg_v01_ei (err -2)
[  145.709574] icnss2: Unknown symbol wlfw_athdiag_write_req_msg_v01_ei (err -2)
[  145.709585] icnss2: Unknown symbol wlfw_rejuvenate_ack_resp_msg_v01_ei (err -2)
[  145.709599] icnss2: Unknown symbol wlfw_rejuvenate_ack_req_msg_v01_ei (err -2)
[  145.709612] icnss2: Unknown symbol wlfw_dynamic_feature_mask_resp_msg_v01_ei (err -2)
[  145.709624] icnss2: Unknown symbol wlfw_dynamic_feature_mask_req_msg_v01_ei (err -2)
[  145.709636] icnss2: Unknown symbol wlfw_qdss_trace_mem_info_resp_msg_v01_ei (err -2)
[  145.709649] icnss2: Unknown symbol wlfw_qdss_trace_mem_info_req_msg_v01_ei (err -2)
[  145.709661] icnss2: Unknown symbol wlfw_m3_dump_upload_done_resp_msg_v01_ei (err -2)
[  145.709671] icnss2: Unknown symbol wlfw_m3_dump_upload_done_req_msg_v01_ei (err -2)
[  145.709687] icnss2: Unknown symbol ims_private_service_wfc_call_twt_config_rsp_msg_v01_ei (err -2)
[  145.709700] icnss2: Unknown symbol ims_private_service_wfc_call_twt_config_req_msg_v01_ei (err -2)
[  145.709714] icnss2: Unknown symbol wlfw_wlan_cfg_resp_msg_v01_ei (err -2)
[  145.709726] icnss2: Unknown symbol wlfw_wlan_cfg_req_msg_v01_ei (err -2)
[  145.709741] icnss2: Unknown symbol wlfw_host_cap_resp_msg_v01_ei (err -2)
[  145.709754] icnss2: Unknown symbol wlfw_host_cap_req_msg_v01_ei (err -2)
[  145.709766] icnss2: Unknown symbol wlfw_get_info_resp_msg_v01_ei (err -2)
[  145.709778] icnss2: Unknown symbol wlfw_get_info_req_msg_v01_ei (err -2)
[  145.709789] icnss2: Unknown symbol wlfw_subsys_restart_level_resp_msg_v01_ei (err -2)
[  145.709800] icnss2: Unknown symbol wlfw_subsys_restart_level_req_msg_v01_ei (err -2)
[  145.709812] icnss2: Unknown symbol wlfw_vbatt_resp_msg_v01_ei (err -2)
[  145.709826] icnss2: Unknown symbol wlfw_vbatt_req_msg_v01_ei (err -2)
[  145.709837] icnss2: Unknown symbol wlfw_wlan_hw_init_cfg_resp_msg_v01_ei (err -2)
[  145.709849] icnss2: Unknown symbol wlfw_wlan_hw_init_cfg_req_msg_v01_ei (err -2)
[  145.709863] icnss2: Unknown symbol ims_private_service_subscribe_ind_req_msg_v01_ei (err -2)
[  145.709874] icnss2: Unknown symbol wlfw_wfc_call_status_resp_msg_v01_ei (err -2)
[  145.709886] icnss2: Unknown symbol wlfw_wfc_call_status_req_msg_v01_ei (err -2)
[  145.709898] icnss2: Unknown symbol wlfw_m3_info_resp_msg_v01_ei (err -2)
[  145.709908] icnss2: Unknown symbol wlfw_m3_info_req_msg_v01_ei (err -2)
[  145.709920] icnss2: Unknown symbol wlfw_aux_uc_info_resp_msg_v01_ei (err -2)
[  145.709933] icnss2: Unknown symbol wlfw_aux_uc_info_req_msg_v01_ei (err -2)
[  145.709948] icnss2: Unknown symbol wlfw_fw_ready_ind_msg_v01_ei (err -2)
[  145.709960] icnss2: Unknown symbol wlfw_msa_ready_ind_msg_v01_ei (err -2)
[  145.709971] icnss2: Unknown symbol wlfw_pin_connect_result_ind_msg_v01_ei (err -2)
[  145.709982] icnss2: Unknown symbol wlfw_rejuvenate_ind_msg_v01_ei (err -2)
[  145.709993] icnss2: Unknown symbol wlfw_cal_done_ind_msg_v01_ei (err -2)
[  145.710005] icnss2: Unknown symbol wlfw_fw_init_done_ind_msg_v01_ei (err -2)
[  145.710016] icnss2: Unknown symbol wlfw_qdss_trace_req_mem_ind_msg_v01_ei (err -2)
[  145.710028] icnss2: Unknown symbol wlfw_qdss_trace_save_ind_msg_v01_ei (err -2)
[  145.710039] icnss2: Unknown symbol wlfw_qdss_trace_free_ind_msg_v01_ei (err -2)
[  145.710050] icnss2: Unknown symbol wlfw_respond_get_info_ind_msg_v01_ei (err -2)
[  145.710061] icnss2: Unknown symbol wlfw_m3_dump_upload_segments_req_ind_msg_v01_ei (err -2)
[  145.710072] icnss2: Unknown symbol wlfw_wfc_call_twt_config_ind_msg_v01_ei (err -2)
[  145.710085] icnss2: Unknown symbol wlfw_driver_async_data_ind_msg_v01_ei (err -2)
[  145.710099] icnss2: Unknown symbol ims_private_service_subscribe_ind_rsp_msg_v01_ei (err -2)
[  145.710113] icnss2: Unknown symbol ims_private_service_wfc_call_status_ind_msg_v01_ei (err -2)
[  145.782834] ipam: Unknown symbol rmnet_mem_get_pool_size (err -2)
[  145.782860] ipam: Unknown symbol rmnet_mem_register_notifier (err -2)
[  145.782910] ipam: Unknown symbol rmnet_mem_unregister_notifier (err -2)
[  145.782950] ipam: Unknown symbol rmnet_mem_get_pages_entry (err -2)
[  145.845189] ipanetm: Unknown symbol ipa3_ctx (err -2)
[  145.845237] ipanetm: Unknown symbol ipa3_wwan_platform_driver_register (err -2)
[  145.845260] ipanetm: Unknown symbol rndis_ipa_init_module (err -2)
[  145.845284] ipanetm: Unknown symbol ipa3_wwan_cleanup (err -2)
[  145.845300] ipanetm: Unknown symbol rndis_ipa_cleanup_module (err -2)
[  145.907553] ktd3136_probe enter!
[  145.907557] ktd3136_probe: client->addr=0x36
[  145.907559] ktd3136_probe: confilct, reset client->addr to 0x36
[  145.907663] ktd3136_get_dt_data hwen --<676>
[  145.907667] ktd3136_get_dt_data map-type=0
[  145.907668] ktd3136_get_dt_data pwm-hysteresis default: 6
[  145.907670] ktd3136_get_dt_data current-align-type=4
[  145.907671] ktd3136_get_dt_data using_lsb --<1>
[  145.907673] ktd3136_get_dt_data skip_first_trans --<1>
[  145.907674] ktd3136_get_dt_data reset_trans_delay --<1>
[  145.907675] ktd3136_get_dt_data default_brightness=1251
[  145.907678] invalid flash-time value!
[  145.907683] invalid flash current value!
[  145.907863] ktd3136_check_id: ID check: 30x
[  145.907864] ktd3136_check_id : ID check err
[  145.907866] ktd3136_probe : ID idenfy failed
[  145.907868] ktd3136_probe err_init
[  145.907869] ktd3136_probe err_out
[  145.907871] ktd3136-bl: probe of 1-0036 failed with error -22
[  146.072623] Enter pm8941_pwrkey_irq at: 2026-05-30 13:26:57.318995632 UTC
[  146.072640] pwrkey->code=116, pwrkey->last_status=0x00, sts=0x80
[  146.192149] Enter pm8941_pwrkey_irq at: 2026-05-30 13:26:57.438520996 UTC
[  146.192167] pwrkey->code=116, pwrkey->last_status=0x01, sts=0x00
[  146.192798] [drm:_sde_kms_drm_check_dpms:1068] _sde_kms_drm_check_dpms, panel_type:2, notif_type:2, early_trigger:1
[  146.193256] [drm:dsi_display_set_mode [msm_drm]] [msm-dsi-info]: mdp_transfer_time=0, hactive=1080, vactive=2400, fps=120(actual=120, group=0x0,base=0x0), clk_rate=0
[  146.193578] [drm] dsi_display_prepare start
[  146.193579] [drm:dsi_display_prepare [msm_drm]] [msm-dsi-info]: panel_name=mipi_mot_vid_boe_1080p_dsc_672_120hz ctrl-index=0
[  146.194117] [drm:dsi_ctrl_isr_configure [msm_drm]] [msm-dsi-info]: dsi-ctrl-0: IRQ 247 registered
[  146.194417] [drm:dsi_panel_pre_prepare [msm_drm]] [msm-dsi-info]: (mipi_mot_vid_boe_1080p_dsc_672_120hz)+
[  146.194714] dsi_panel_power_on: (mipi_mot_vid_boe_1080p_dsc_672_120hz)+exit deep standby need reset 
[  146.214915] aw99703_probe enter! driver version v1.0.3
[  146.214931] aw99703_get_dt_data drvdata->hwen_gpio --<676>
[  146.214933] aw99703_get_dt_data pwm_mode=1
[  146.214935] aw99703_get_dt_data map-type=0
[  146.214937] aw99703_get_dt_data current-align-type=4
[  146.214939] aw99703_get_dt_data using_lsb --<1>
[  146.214940] aw99703_get_dt_data skip_first_trans --<1>
[  146.214942] aw99703_get_dt_data reset_trans_delay --<1>
[  146.214944] aw99703_get_dt_data default-brightness=1251
[  146.214946] aw99703_get_dt_data full-scale led current --<30 mA>
[  146.214948] aw99703_get_dt_data ramp on time --<0 ms>
[  146.214949] aw99703_get_dt_data ramp off time --<4 ms>
[  146.214951] aw99703_get_dt_data pwm trnasition dimming\x09--<0 ms>
[  146.214952] aw99703_get_dt_data i2c transition dimming --<1 ms>
[  146.214954] aw99703_get_dt_data bl-channel --<3>
[  146.214956] aw99703_get_dt_data bl_map=3
[  146.214958] aw99703_get_dt_data ovp_level c
[  146.214959] aw99703_get_dt_data ocp_level 2
[  146.214965] gpio is valid 676!
[  146.214966] hwen pin is going to be high!---<1>
[  146.216779] [drm] dsi_pwr_enable_regulator
[  146.219256] aw99703_read_chipid aw99703 detected
[  146.219850] aw99703_backlight_init enter.
[  146.220169] aw99703_pwm_mode_enable pwm_mode is enable
[  146.221898] aw99703_bl_enable_channel turn all channel on!
[  146.222459] aw99703_ramp_setting drvdata->ramp_on_time is 0x0
[  146.222741] aw99703_ramp_setting drvdata->ramp_off_time is 0x4
[  146.222742] aw99703_backlight_enable enter.
[  146.223023] aw99703_transition_ramp enter
[  146.223304] aw99703_transition_ramp drvdata->pwm_trans_dim is 0x0
[  146.223584] aw99703_transition_ramp drvdata->i2c_trans_dim is 0x1
[  146.223587] aw99703_set_brightness align 1050 29mA convert brt_val is 1617
[  146.224099] aw99703_probe exit
[  146.227489] [drm] dsi_panel_set_pinctrl_state
[  146.251667] [drm] dsi_panel_tx_cmd_set start
[  146.251672] [drm] dsi_panel_tx_cmd_set end
[  146.251674] [drm] dsi_display_prepare end
[  146.251676] [drm] dsi_display_enable start
[  146.251678] [drm:dsi_display_enable [msm_drm]] [msm-dsi-info]: [drm] dsi_display_enable display->display_lock
[  146.252002] [drm:dsi_panel_enable [msm_drm]] [msm-dsi-info]: (mipi_mot_vid_boe_1080p_dsc_672_120hz)+ at: 2026-05-30 13:26:57.498375163 UTC
[  146.346828] lpass_cdc_rx_macro_dlkm: Unknown symbol msm_cdc_pinctrl_get_state (err -2)
[  146.346861] lpass_cdc_rx_macro_dlkm: Unknown symbol msm_cdc_pinctrl_set_wakeup_capable (err -2)
[  146.346921] lpass_cdc_rx_macro_dlkm: Unknown symbol msm_cdc_pinctrl_select_active_state (err -2)
[  146.346945] lpass_cdc_rx_macro_dlkm: Unknown symbol msm_cdc_pinctrl_select_sleep_state (err -2)
[  146.346988] lpass_cdc_rx_macro_dlkm: Unknown symbol swrm_wcd_notify (err -2)
[  146.354674] [drm:dsi_panel_enable [msm_drm]] [msm-dsi-info]: -: no_panel_on_read_support=1, panel_power_cnt=0, took 102 ms
[  146.355162] [drm] dsi_display_enable end
[  146.355227] [drm:programmable_fetch_get_num_lines:241] low vbp+vfp may lead to perf issues in some cases
[  146.363806] set_backlight from 0 to 0, Trend[cur:last=0:0], max[bl:brightness:thermal=2047:2047:2047], for mipi_mot_vid_boe_1080p_dsc_672_120hz
[  146.363820] [drm:_sde_kms_drm_check_dpms:1068] _sde_kms_drm_check_dpms, panel_type:1, notif_type:2, early_trigger:0
[  146.363905] set_backlight from 0 to 1043, Trend[cur:last=1:0], max[bl:brightness:thermal=2047:2047:2047], for mipi_mot_vid_boe_1080p_dsc_672_120hz
[  146.363914] aw99703_set_brightness align 1050 29mA convert brt_val is 1524
[  146.470224] lpass_cdc_va_macro_dlkm: Unknown symbol msm_cdc_pinctrl_get_state (err -2)
[  146.470317] lpass_cdc_va_macro_dlkm: Unknown symbol msm_cdc_pinctrl_select_active_state (err -2)
[  146.470335] lpass_cdc_va_macro_dlkm: Unknown symbol msm_cdc_pinctrl_set_wakeup_capable (err -2)
[  146.470356] lpass_cdc_va_macro_dlkm: Unknown symbol msm_cdc_pinctrl_select_sleep_state (err -2)
[  146.470400] lpass_cdc_va_macro_dlkm: Unknown symbol swrm_wcd_notify (err -2)
[  146.529884] lpass_cdc_wsa2_macro_dlkm: Unknown symbol msm_cdc_pinctrl_get_state (err -2)
[  146.529917] lpass_cdc_wsa2_macro_dlkm: Unknown symbol msm_cdc_pinctrl_set_wakeup_capable (err -2)
[  146.529987] lpass_cdc_wsa2_macro_dlkm: Unknown symbol msm_cdc_pinctrl_select_active_state (err -2)
[  146.530006] lpass_cdc_wsa2_macro_dlkm: Unknown symbol msm_cdc_pinctrl_select_sleep_state (err -2)
[  146.530050] lpass_cdc_wsa2_macro_dlkm: Unknown symbol swrm_wcd_notify (err -2)
[  146.593231] lpass_cdc_wsa_macro_dlkm: Unknown symbol msm_cdc_pinctrl_get_state (err -2)
[  146.593263] lpass_cdc_wsa_macro_dlkm: Unknown symbol msm_cdc_pinctrl_set_wakeup_capable (err -2)
[  146.593333] lpass_cdc_wsa_macro_dlkm: Unknown symbol msm_cdc_pinctrl_select_active_state (err -2)
[  146.593353] lpass_cdc_wsa_macro_dlkm: Unknown symbol msm_cdc_pinctrl_select_sleep_state (err -2)
[  146.593398] lpass_cdc_wsa_macro_dlkm: Unknown symbol swrm_wcd_notify (err -2)
[  146.719596] machine_dlkm: Unknown symbol msm_cdc_pinctrl_select_active_state (err -2)
[  146.719637] machine_dlkm: Unknown symbol msm_cdc_pinctrl_select_sleep_state (err -2)
[  146.719728] machine_dlkm: Unknown symbol msm_cdc_pinctrl_set_wakeup_capable (err -2)
[  146.719774] machine_dlkm: Unknown symbol wcd938x_mbhc_hs_detect (err -2)
[  146.719788] machine_dlkm: Unknown symbol wcd937x_mbhc_hs_detect (err -2)
[  146.719818] machine_dlkm: Unknown symbol wsa881x_set_channel_map (err -2)
[  146.719832] machine_dlkm: Unknown symbol wsa881x_codec_info_create_codec_entry (err -2)
[  146.719845] machine_dlkm: Unknown symbol wsa883x_set_channel_map (err -2)
[  146.719858] machine_dlkm: Unknown symbol wsa883x_codec_info_create_codec_entry (err -2)
[  146.719873] machine_dlkm: Unknown symbol wcd938x_info_create_codec_entry (err -2)
[  146.719885] machine_dlkm: Unknown symbol wcd938x_get_codec_variant (err -2)
[  146.719901] machine_dlkm: Unknown symbol lpass_cdc_rx_set_fir_capability (err -2)
[  146.719913] machine_dlkm: Unknown symbol wcd937x_info_create_codec_entry (err -2)
[  146.719925] machine_dlkm: Unknown symbol wcd937x_get_codec_variant (err -2)
[  146.719944] machine_dlkm: Unknown symbol wsa881x_codec_get_dev_num (err -2)
[  146.719956] machine_dlkm: Unknown symbol wcd937x_codec_get_dev_num (err -2)
[  146.719967] machine_dlkm: Unknown symbol wcd938x_codec_get_dev_num (err -2)
[  146.719978] machine_dlkm: Unknown symbol wsa883x_codec_get_dev_num (err -2)
[  147.346630] moto_mm: moto_mm_init succeed!
[  147.410091] Using the new mmap fault driver, totalram size=12GB
[  147.474463] update sw boot flag, ret = 1
[  147.538311] 
[  147.538321] **********************************************************
[  147.538323] **   NOTICE NOTICE NOTICE NOTICE NOTICE NOTICE NOTICE   **
[  147.538326] **                                                      **
[  147.538329] ** trace_printk() being used. Allocating extra memory.  **
[  147.538331] **                                                      **
[  147.538333] ** This means that this is a DEBUG kernel and it is     **
[  147.538335] ** unsafe for production use.                           **
[  147.538338] **                                                      **
[  147.538340] ** If you see this message and you are not debugging    **
[  147.538342] ** the kernel, report this immediately to your vendor!  **
[  147.538344] **                                                      **
[  147.538346] **   NOTICE NOTICE NOTICE NOTICE NOTICE NOTICE NOTICE   **
[  147.538348] **********************************************************
[  147.540587] moto_sched: moto_sched_init succeed!
[  147.608696] moto_swap: Unknown symbol zs_destroy_pool (err -2)
[  147.608734] moto_swap: Unknown symbol zs_free (err -2)
[  147.608782] moto_swap: Unknown symbol zs_malloc (err -2)
[  147.608799] moto_swap: Unknown symbol zs_get_total_pages (err -2)
[  147.608814] moto_swap: Unknown symbol zs_map_object (err -2)
[  147.608828] moto_swap: Unknown symbol zs_unmap_object (err -2)
[  147.608854] moto_swap: Unknown symbol zs_create_pool (err -2)
[  147.608867] moto_swap: Unknown symbol zs_huge_class_size (err -2)
[  147.608885] moto_swap: Unknown symbol zs_compact (err -2)
[  147.608913] moto_swap: Unknown symbol zs_pool_stats (err -2)
[  147.707081] Enter pm8941_pwrkey_irq at: 2026-05-30 13:26:58.953453183 UTC
[  147.707098] pwrkey->code=116, pwrkey->last_status=0x00, sts=0x80
[  147.863471] Enter pm8941_pwrkey_irq at: 2026-05-30 13:26:59.109843027 UTC
[  147.863490] pwrkey->code=116, pwrkey->last_status=0x01, sts=0x00
[  147.863598] set_backlight from 1043 to 0, Trend[cur:last=0:1], max[bl:brightness:thermal=2047:2047:2047], for mipi_mot_vid_boe_1080p_dsc_672_120hz
[  147.863608] aw99703_set_brightness align 1050 29mA convert brt_val is 0
[  147.864263] [drm:_sde_kms_drm_check_dpms:1068] _sde_kms_drm_check_dpms, panel_type:1, notif_type:1, early_trigger:1
[  147.867664] [drm:dsi_display_disable [msm_drm]] [msm-dsi-info]: dsi_display_disable(DSI-1)+
[  147.867998] [drm:dsi_panel_disable [msm_drm]] [msm-dsi-info]: (mipi_mot_vid_boe_1080p_dsc_672_120hz)+
[  148.000180] boot_kpi: M - DRIVER KGSL Init
[  148.000597] boot_kpi: M - DRIVER KGSL Ready
[  148.001524] kgsl-iommu 3da0000.qcom,kgsl-iommu:gfx3d_user: Adding to iommu group 15
[  148.001929] kgsl-iommu 3da0000.qcom,kgsl-iommu:gfx3d_secure: Adding to iommu group 16
[  148.002895] adreno-gen7-gmu 3d68000.qcom,gmu: Adding to iommu group 17
[  148.003869] boot_kpi: M - DRIVER GPU Init
[  148.005763] kgsl-3d 3d00000.qcom,kgsl-3d0: bound 3da0000.qcom,kgsl-iommu (ops kgsl_mmu_component_ops [msm_kgsl])
[  148.006024] kgsl-3d 3d00000.qcom,kgsl-3d0: bound 3da0000.qcom,kgsl-iommu:gfx3d_user (ops kgsl_mmu_cb_component_ops [msm_kgsl])
[  148.006247] kgsl-3d 3d00000.qcom,kgsl-3d0: bound 3da0000.qcom,kgsl-iommu:gfx3d_secure (ops kgsl_mmu_cb_component_ops [msm_kgsl])
[  148.007532] kgsl-3d 3d00000.qcom,kgsl-3d0: bound 3d68000.qcom,gmu (ops gen7_gmu_component_ops [msm_kgsl])
[  148.018603] dsi_panel_disable: (mipi_mot_vid_boe_1080p_dsc_672_120hz)+ : send deep_standby commands success! 
[  148.018716] [drm:dsi_panel_post_unprepare [msm_drm]] [msm-dsi-info]: (mipi_mot_vid_boe_1080p_dsc_672_120hz)+
[  148.033380] thermal thermal_zone37: failed to read out thermal zone (-110)
[  148.050715] [drm:_sde_kms_drm_check_dpms:1068] _sde_kms_drm_check_dpms, panel_type:2, notif_type:1, early_trigger:0
[  148.053406] thermal thermal_zone38: failed to read out thermal zone (-110)
[  148.055628] boot_kpi: M - DRIVER GPU Ready
[  148.055826] gpu_cc-parrot 3d90000.clock-controller: sync_state
[  148.055886] gcc-parrot 100000.clock-controller: sync_state
[  148.433277] msm_vidc_v4l2 aa00000.qcom,vidc:non_secure_cb: Adding to iommu group 18
[  148.435340] msm_vidc_v4l2 aa00000.qcom,vidc:non_secure_pixel_cb: Adding to iommu group 19
[  148.437091] msm_vidc_v4l2 aa00000.qcom,vidc:secure_non_pixel_cb: Adding to iommu group 20
[  148.438847] msm_vidc_v4l2 aa00000.qcom,vidc:secure_bitstream_cb: Adding to iommu group 21
[  148.440838] msm_vidc_v4l2 aa00000.qcom,vidc:secure_pixel_cb: Adding to iommu group 22
[  148.442448] video_cc-parrot aaf0000.clock-controller: sync_state
[  148.505458] NxpDrv: nfc_i2c_dev_init: Loading NXP NFC I2C driver
[  149.752666] qca_cld3_adrastea: Unknown symbol __cfg80211_alloc_event_skb (err -2)
[  149.752709] qca_cld3_adrastea: Unknown symbol __cfg80211_send_event_skb (err -2)
[  149.752789] qca_cld3_adrastea: Unknown symbol __cfg80211_alloc_reply_skb (err -2)
[  149.752818] qca_cld3_adrastea: Unknown symbol cfg80211_vendor_cmd_reply (err -2)
[  149.752871] qca_cld3_adrastea: Unknown symbol wiphy_new_nm (err -2)
[  149.752887] qca_cld3_adrastea: Unknown symbol wiphy_register (err -2)
[  149.752905] qca_cld3_adrastea: Unknown symbol cfg80211_gtk_rekey_notify (err -2)
[  149.752923] qca_cld3_adrastea: Unknown symbol cfg80211_update_owe_info_event (err -2)
[  149.752940] qca_cld3_adrastea: Unknown symbol cfg80211_vendor_cmd_get_sender (err -2)
[  149.752969] qca_cld3_adrastea: Unknown symbol ieee80211_get_channel_khz (err -2)
[  149.752997] qca_cld3_adrastea: Unknown symbol cfg80211_chandef_create (err -2)
[  149.753012] qca_cld3_adrastea: Unknown symbol cfg80211_ch_switch_notify (err -2)
[  149.753029] qca_cld3_adrastea: Unknown symbol cfg80211_michael_mic_failure (err -2)
[  149.753048] qca_cld3_adrastea: Unknown symbol cfg80211_new_sta (err -2)
[  149.753065] qca_cld3_adrastea: Unknown symbol cfg80211_del_sta_sinfo (err -2)
[  149.753092] qca_cld3_adrastea: Unknown symbol ieee80211_freq_khz_to_channel (err -2)
[  149.753167] qca_cld3_adrastea: Unknown symbol cfg80211_register_netdevice (err -2)
[  149.753188] qca_cld3_adrastea: Unknown symbol cfg80211_unregister_wdev (err -2)
[  149.753211] qca_cld3_adrastea: Unknown symbol cfg80211_stop_iface (err -2)
[  149.753227] qca_cld3_adrastea: Unknown symbol wiphy_free (err -2)
[  149.753246] qca_cld3_adrastea: Unknown symbol wiphy_unregister (err -2)
[  149.753269] qca_cld3_adrastea: Unknown symbol ieee80211_hdrlen (err -2)
[  149.753350] qca_cld3_adrastea: Unknown symbol cfg80211_rx_mgmt_ext (err -2)
[  149.753379] qca_cld3_adrastea: Unknown symbol regulatory_set_wiphy_regd (err -2)
[  149.753397] qca_cld3_adrastea: Unknown symbol cfg80211_scan_done (err -2)
[  149.753447] qca_cld3_adrastea: Unknown symbol cfg80211_external_auth_request (err -2)
[  149.753463] qca_cld3_adrastea: Unknown symbol cfg80211_rx_unprot_mlme_mgmt (err -2)
[  149.753755] qca_cld3_adrastea: Unknown symbol cfg80211_connect_done (err -2)
[  149.753771] qca_cld3_adrastea: Unknown symbol cfg80211_disconnected (err -2)
[  149.753786] qca_cld3_adrastea: Unknown symbol cfg80211_roamed (err -2)
[  149.753800] qca_cld3_adrastea: Unknown symbol cfg80211_pmksa_candidate_notify (err -2)
[  149.753816] qca_cld3_adrastea: Unknown symbol cfg80211_sched_scan_results (err -2)
[  149.753831] qca_cld3_adrastea: Unknown symbol cfg80211_inform_bss_frame_data (err -2)
[  149.753845] qca_cld3_adrastea: Unknown symbol cfg80211_put_bss (err -2)
[  149.753860] qca_cld3_adrastea: Unknown symbol __cfg80211_get_bss (err -2)
[  149.753875] qca_cld3_adrastea: Unknown symbol cfg80211_unlink_bss (err -2)
[  149.753917] qca_cld3_adrastea: Unknown symbol cfg80211_ready_on_channel (err -2)
[  149.753933] qca_cld3_adrastea: Unknown symbol cfg80211_remain_on_channel_expired (err -2)
[  149.753948] qca_cld3_adrastea: Unknown symbol cfg80211_mgmt_tx_status_ext (err -2)
[  149.753975] qca_cld3_adrastea: Unknown symbol icnss_set_fw_log_mode (err -2)
[  149.753992] qca_cld3_adrastea: Unknown symbol icnss_ce_request_irq (err -2)
[  149.754007] qca_cld3_adrastea: Unknown symbol icnss_ce_free_irq (err -2)
[  149.754024] qca_cld3_adrastea: Unknown symbol icnss_enable_irq (err -2)
[  149.754039] qca_cld3_adrastea: Unknown symbol icnss_disable_irq (err -2)
[  149.754053] qca_cld3_adrastea: Unknown symbol icnss_get_ce_id (err -2)
[  149.754067] qca_cld3_adrastea: Unknown symbol icnss_get_irq (err -2)
[  149.754081] qca_cld3_adrastea: Unknown symbol icnss_power_on (err -2)
[  149.754094] qca_cld3_adrastea: Unknown symbol icnss_power_off (err -2)
[  149.754108] qca_cld3_adrastea: Unknown symbol icnss_athdiag_read (err -2)
[  149.754122] qca_cld3_adrastea: Unknown symbol icnss_athdiag_write (err -2)
[  149.754139] qca_cld3_adrastea: Unknown symbol icnss_smmu_get_domain (err -2)
[  149.754153] qca_cld3_adrastea: Unknown symbol icnss_smmu_map (err -2)
[  149.754166] qca_cld3_adrastea: Unknown symbol icnss_smmu_unmap (err -2)
[  149.754209] qca_cld3_adrastea: Unknown symbol icnss_socinfo_get_serial_number (err -2)
[  149.754223] qca_cld3_adrastea: Unknown symbol icnss_is_qmi_disable (err -2)
[  149.754237] qca_cld3_adrastea: Unknown symbol icnss_is_fw_down (err -2)
[  149.754254] qca_cld3_adrastea: Unknown symbol icnss_trigger_recovery (err -2)
[  149.754268] qca_cld3_adrastea: Unknown symbol icnss_is_pdr (err -2)
[  149.754282] qca_cld3_adrastea: Unknown symbol icnss_is_rejuvenate (err -2)
[  149.754295] qca_cld3_adrastea: Unknown symbol icnss_idle_shutdown (err -2)
[  149.754309] qca_cld3_adrastea: Unknown symbol icnss_idle_restart (err -2)
[  149.754323] qca_cld3_adrastea: Unknown symbol icnss_get_device_config (err -2)
[  149.754443] qca_cld3_adrastea: Unknown symbol cfg80211_calculate_bitrate (err -2)
[  149.754486] qca_cld3_adrastea: Unknown symbol __icnss_register_driver (err -2)
[  149.754502] qca_cld3_adrastea: Unknown symbol icnss_unregister_driver (err -2)
[  149.754516] qca_cld3_adrastea: Unknown symbol icnss_wlan_enable (err -2)
[  149.754530] qca_cld3_adrastea: Unknown symbol icnss_wlan_disable (err -2)
[  149.754543] qca_cld3_adrastea: Unknown symbol icnss_get_soc_info (err -2)
[  149.754571] qca_cld3_adrastea: Unknown symbol cfg80211_tdls_oper_request (err -2)
[  149.885948] qce 1de0000.qcedev: Adding to iommu group 23
[  149.886243] qcedev_probe_device: No icc avg BW set, using default
[  149.886250] qcedev_probe_device: No icc peak BW set, using default
[  149.886364] QCE50: __qce_get_device_tree_data: CE operating frequency is not defined, setting to default 100MHZ
[  149.886507] qce 1de0000.qcedev: QTI Crypto 5.6.5 device found @0x1de0000
[  149.886641] sps_register_bam_device: sps:BAM 0x0000000001dc4000 is registered
[  149.886707] sps_bam_enable: sps:BAM 0x0000000001dc4000 (va:0x0000000000000000) enabled: ver:0x28, number of pipes:16
[  149.886803] QCE50: qce_sps_init:  QTI MSM CE-BAM at 0x0000000001dc4000 irq 274
[  149.887379] qce 1de0000.qcedev:qcom_cedev_ns_cb: Adding to iommu group 24
[  149.887934] qce 1de0000.qcedev:qcom_cedev_s_cb: Adding to iommu group 25
[  151.976991] qpnp_adaptive_charge: Unknown symbol mmi_vote_charging_disable (err -2)
[  151.977033] qpnp_adaptive_charge: Unknown symbol mmi_vote_charger_suspend (err -2)
[  152.859401] qti_glink_charger: Unknown symbol mmi_get_battery_serialnumber (err -2)
[  152.859470] qti_glink_charger: Unknown symbol mmi_unregister_charger_driver (err -2)
[  152.859504] qti_glink_charger: Unknown symbol mmi_is_factory_mode (err -2)
[  152.859522] qti_glink_charger: Unknown symbol mmi_is_factory_version (err -2)
[  152.859544] qti_glink_charger: Unknown symbol mmi_register_charger_driver (err -2)
[  153.134078] Enter pm8941_pwrkey_irq at: 2026-05-30 13:27:04.380450212 UTC
[  153.134096] pwrkey->code=116, pwrkey->last_status=0x00, sts=0x80
[  153.238847] Enter pm8941_pwrkey_irq at: 2026-05-30 13:27:04.485219431 UTC
[  153.238865] pwrkey->code=116, pwrkey->last_status=0x01, sts=0x00
[  153.239466] [drm:_sde_kms_drm_check_dpms:1068] _sde_kms_drm_check_dpms, panel_type:2, notif_type:2, early_trigger:1
[  153.239983] [drm:dsi_display_set_mode [msm_drm]] [msm-dsi-info]: mdp_transfer_time=0, hactive=1080, vactive=2400, fps=120(actual=120, group=0x0,base=0x0), clk_rate=0
[  153.240304] [drm] dsi_display_prepare start
[  153.240305] [drm:dsi_display_prepare [msm_drm]] [msm-dsi-info]: panel_name=mipi_mot_vid_boe_1080p_dsc_672_120hz ctrl-index=0
[  153.240633] [drm:dsi_ctrl_isr_configure [msm_drm]] [msm-dsi-info]: dsi-ctrl-0: IRQ 247 registered
[  153.240954] [drm:dsi_panel_pre_prepare [msm_drm]] [msm-dsi-info]: (mipi_mot_vid_boe_1080p_dsc_672_120hz)+
[  153.241253] dsi_panel_power_on: (mipi_mot_vid_boe_1080p_dsc_672_120hz)+exit deep standby need reset 
[  153.263288] [drm] dsi_pwr_enable_regulator
[  153.273973] [drm] dsi_panel_set_pinctrl_state
[  153.298107] [drm] dsi_panel_tx_cmd_set start
[  153.298111] [drm] dsi_panel_tx_cmd_set end
[  153.298113] [drm] dsi_display_prepare end
[  153.298114] [drm] dsi_display_enable start
[  153.298116] [drm:dsi_display_enable [msm_drm]] [msm-dsi-info]: [drm] dsi_display_enable display->display_lock
[  153.298441] [drm:dsi_panel_enable [msm_drm]] [msm-dsi-info]: (mipi_mot_vid_boe_1080p_dsc_672_120hz)+ at: 2026-05-30 13:27:04.544813858 UTC
[  153.378901] rmnet_aps: Unknown symbol rmnet_qmap_next_txid (err -2)
[  153.378938] rmnet_aps: Unknown symbol rmnet_qmap_send (err -2)
[  153.378959] rmnet_aps: Unknown symbol rmnet_module_hook_register (err -2)
[  153.378979] rmnet_aps: Unknown symbol rmnet_module_hook_unregister_no_sync (err -2)
[  153.379024] rmnet_aps: Unknown symbol rmnet_frag_header_ptr (err -2)
[  153.379039] rmnet_aps: Unknown symbol rmnet_frag_ipv6_skip_exthdr (err -2)
[  153.401090] [drm:dsi_panel_enable [msm_drm]] [msm-dsi-info]: -: no_panel_on_read_support=1, panel_power_cnt=1, took 102 ms
[  153.401580] [drm] dsi_display_enable end
[  153.410208] set_backlight from 0 to 0, Trend[cur:last=0:0], max[bl:brightness:thermal=2047:2047:2047], for mipi_mot_vid_boe_1080p_dsc_672_120hz
[  153.410252] [drm:_sde_kms_drm_check_dpms:1068] _sde_kms_drm_check_dpms, panel_type:1, notif_type:2, early_trigger:0
[  153.410356] set_backlight from 0 to 1043, Trend[cur:last=1:0], max[bl:brightness:thermal=2047:2047:2047], for mipi_mot_vid_boe_1080p_dsc_672_120hz
[  153.410363] aw99703_backlight_init enter.
[  153.410913] aw99703_pwm_mode_enable pwm_mode is enable
[  153.412596] aw99703_bl_enable_channel turn all channel on!
[  153.413164] aw99703_ramp_setting drvdata->ramp_on_time is 0x0
[  153.413446] aw99703_ramp_setting drvdata->ramp_off_time is 0x4
[  153.413448] aw99703_set_brightness align 1050 29mA convert brt_val is 1524
[  153.440856] rmnet_core: Unknown symbol rmnet_mem_pb_ind (err -2)
[  153.440994] rmnet_core: Unknown symbol rmnet_mem_get_pages_entry (err -2)
[  153.441014] rmnet_core: Unknown symbol rmnet_mem_put_page_entry (err -2)
[  153.441054] rmnet_core: Unknown symbol rmnet_ctl_get_stats (err -2)
[  153.441202] rmnet_core: Unknown symbol ipa_rmnet_ll_xmit (err -2)
[  153.441217] rmnet_core: Unknown symbol ipa_register_ipa_ready_cb (err -2)
[  153.441232] rmnet_core: Unknown symbol ipa_register_rmnet_ll_cb (err -2)
[  153.441247] rmnet_core: Unknown symbol ipa_unregister_rmnet_ll_cb (err -2)
[  153.441272] rmnet_core: Unknown symbol rmnet_ctl_if (err -2)
[  153.501898] rmnet_ctl: Unknown symbol ipa_register_ipa_ready_cb (err -2)
[  153.501935] rmnet_ctl: Unknown symbol ipa_unregister_rmnet_ctl_cb (err -2)
[  153.501953] rmnet_ctl: Unknown symbol ipa_register_rmnet_ctl_cb (err -2)
[  153.501976] rmnet_ctl: Unknown symbol ipa_rmnet_ctl_xmit (err -2)
[  153.564090] rmnet_mem_module_init(): Starting rmnet mem module
[  153.625001] rmnet_offload: Unknown symbol rmnet_module_hook_register (err -2)
[  153.625035] rmnet_offload: Unknown symbol rmnet_module_hook_unregister_no_sync (err -2)
[  153.625056] rmnet_offload: Unknown symbol rmnet_recycle_frag_descriptor (err -2)
[  153.625073] rmnet_offload: Unknown symbol rmnet_frag_descriptor_add_frags_from (err -2)
[  153.625102] rmnet_offload: Unknown symbol rmnet_frag_deliver (err -2)
[  153.625119] rmnet_offload: Unknown symbol rmnet_frag_header_ptr (err -2)
[  153.625134] rmnet_offload: Unknown symbol rmnet_frag_ipv6_skip_exthdr (err -2)
[  153.625160] rmnet_offload: Unknown symbol rmnet_get_port (err -2)
[  153.625182] rmnet_offload: Unknown symbol qmi_rmnet_ps_ind_register (err -2)
[  153.625195] rmnet_offload: Unknown symbol rmnet_map_dl_ind_register (err -2)
[  153.625214] rmnet_offload: Unknown symbol qmi_rmnet_ps_ind_deregister (err -2)
[  153.625229] rmnet_offload: Unknown symbol rmnet_map_dl_ind_deregister (err -2)
[  153.688494] rmnet_perf: Unknown symbol rmnet_module_hook_register (err -2)
[  153.688526] rmnet_perf: Unknown symbol rmnet_module_hook_unregister_no_sync (err -2)
[  153.688556] rmnet_perf: Unknown symbol rmnet_qmap_send (err -2)
[  153.748896] rmnet_perf_tether: Unknown symbol rmnet_qmap_send (err -2)
[  153.748934] rmnet_perf_tether: Unknown symbol rmnet_module_hook_register (err -2)
[  153.748950] rmnet_perf_tether: Unknown symbol rmnet_module_hook_unregister_no_sync (err -2)
[  153.810950] sch: init (1.2)
[  153.874757] rmnet_shs: Unknown symbol __tracepoint_rmnet_shs_wq_low (err -2)
[  153.874804] rmnet_shs: Unknown symbol __traceiter_rmnet_shs_wq_low (err -2)
[  153.874833] rmnet_shs: Unknown symbol __tracepoint_rmnet_shs_low (err -2)
[  153.874851] rmnet_shs: Unknown symbol __traceiter_rmnet_shs_low (err -2)
[  153.874871] rmnet_shs: Unknown symbol __tracepoint_rmnet_shs_high (err -2)
[  153.874888] rmnet_shs: Unknown symbol __traceiter_rmnet_shs_high (err -2)
[  153.874931] rmnet_shs: Unknown symbol rmnet_map_dl_ind_register (err -2)
[  153.874947] rmnet_shs: Unknown symbol rmnet_map_pb_ind_register (err -2)
[  153.874963] rmnet_shs: Unknown symbol qmi_rmnet_ps_ind_register (err -2)
[  153.874977] rmnet_shs: Unknown symbol rmnet_module_hook_register (err -2)
[  153.875000] rmnet_shs: Unknown symbol rmnet_get_port (err -2)
[  153.875014] rmnet_shs: Unknown symbol rmnet_module_hook_unregister_no_sync (err -2)
[  153.875028] rmnet_shs: Unknown symbol qmi_rmnet_ps_ind_deregister (err -2)
[  153.875041] rmnet_shs: Unknown symbol rmnet_map_dl_ind_deregister (err -2)
[  153.875055] rmnet_shs: Unknown symbol rmnet_map_pb_ind_deregister (err -2)
[  153.875082] rmnet_shs: Unknown symbol __tracepoint_rmnet_freq_boost (err -2)
[  153.875102] rmnet_shs: Unknown symbol __traceiter_rmnet_freq_boost (err -2)
[  153.875121] rmnet_shs: Unknown symbol __tracepoint_rmnet_freq_reset (err -2)
[  153.875138] rmnet_shs: Unknown symbol __traceiter_rmnet_freq_reset (err -2)
[  153.875179] rmnet_shs: Unknown symbol __tracepoint_print_icmp_rx (err -2)
[  153.875198] rmnet_shs: Unknown symbol __traceiter_print_icmp_rx (err -2)
[  153.875229] rmnet_shs: Unknown symbol rmnet_module_hook_perf_ingress (err -2)
[  153.875262] rmnet_shs: Unknown symbol rmnet_is_real_dev_registered (err -2)
[  153.875275] rmnet_shs: Unknown symbol rmnet_module_hook_is_set (err -2)
[  153.875291] rmnet_shs: Unknown symbol __tracepoint_rmnet_shs_err (err -2)
[  153.875309] rmnet_shs: Unknown symbol __traceiter_rmnet_shs_err (err -2)
[  153.875327] rmnet_shs: Unknown symbol rmnet_rx_handler (err -2)
[  153.875383] rmnet_shs: Unknown symbol __tracepoint_rmnet_shs_wq_high (err -2)
[  153.875399] rmnet_shs: Unknown symbol __traceiter_rmnet_shs_wq_high (err -2)
[  153.875426] rmnet_shs: Unknown symbol rmnet_module_hook_perf_set_thresh (err -2)
[  153.942496] rmnet_wlan: Unknown symbol rmnet_module_hook_register (err -2)
[  153.942529] rmnet_wlan: Unknown symbol rmnet_module_hook_unregister_no_sync (err -2)
[  154.539710] Enter pm8941_pwrkey_irq at: 2026-05-30 13:27:05.786082660 UTC
[  154.539729] pwrkey->code=116, pwrkey->last_status=0x00, sts=0x80
[  154.679094] Enter pm8941_pwrkey_irq at: 2026-05-30 13:27:05.925466983 UTC
[  154.679113] pwrkey->code=116, pwrkey->last_status=0x01, sts=0x00
[  154.679217] set_backlight from 1043 to 0, Trend[cur:last=0:1], max[bl:brightness:thermal=2047:2047:2047], for mipi_mot_vid_boe_1080p_dsc_672_120hz
[  154.679227] aw99703_transition_ramp enter
[  154.679791] aw99703_transition_ramp drvdata->pwm_trans_dim is 0x0
[  154.680075] aw99703_transition_ramp drvdata->i2c_trans_dim is 0x1
[  154.680077] aw99703_set_brightness align 1050 29mA convert brt_val is 0
[  154.680469] [drm:_sde_kms_drm_check_dpms:1068] _sde_kms_drm_check_dpms, panel_type:1, notif_type:1, early_trigger:1
[  154.688514] [drm:dsi_display_disable [msm_drm]] [msm-dsi-info]: dsi_display_disable(DSI-1)+
[  154.688865] [drm:dsi_panel_disable [msm_drm]] [msm-dsi-info]: (mipi_mot_vid_boe_1080p_dsc_672_120hz)+
[  154.839451] dsi_panel_disable: (mipi_mot_vid_boe_1080p_dsc_672_120hz)+ : send deep_standby commands success! 
[  154.839559] [drm:dsi_panel_post_unprepare [msm_drm]] [msm-dsi-info]: (mipi_mot_vid_boe_1080p_dsc_672_120hz)+
[  154.871559] [drm:_sde_kms_drm_check_dpms:1068] _sde_kms_drm_check_dpms, panel_type:2, notif_type:1, early_trigger:0
[  155.157095] st21nfc: Unknown symbol mmi_device_is_available (err -2)
[  155.221782] st54spi: Unknown symbol mmi_device_is_available (err -2)
[  155.671071] swr_ctrl_dlkm: Unknown symbol swr_set_device_group (err -2)
[  155.671124] swr_ctrl_dlkm: Unknown symbol swr_reset_device (err -2)
[  155.671166] swr_ctrl_dlkm: Unknown symbol swr_device_down (err -2)
[  155.671207] swr_ctrl_dlkm: Unknown symbol swr_register_master (err -2)
[  155.671226] swr_ctrl_dlkm: Unknown symbol swr_master_add_boarddevices (err -2)
[  155.671244] swr_ctrl_dlkm: Unknown symbol of_register_swr_devices (err -2)
[  155.671268] swr_ctrl_dlkm: Unknown symbol swr_unregister_master (err -2)
[  155.671294] swr_ctrl_dlkm: Unknown symbol swr_port_response (err -2)
[  155.671325] swr_ctrl_dlkm: Unknown symbol swr_device_up (err -2)
[  155.807081] swr_dmic_dlkm: Unknown symbol wcd938x_codec_force_enable_micbias_v2 (err -2)
[  155.807143] swr_dmic_dlkm: Unknown symbol wcd938x_swr_dmic_register_notifier (err -2)
[  155.937290] [sar SX937x]: [INFO]<sx937x_probe><1544>sx937x_probe()
[  155.937302] [sar SX937x]: [INFO]<sx937x_parse_dt><1145>used button 0x1f 
[  155.937305] [sar SX937x]: [INFO]<sx937x_parse_dt><1170>[SX937x]: sx937x_parse_dt ref_phase_a= 5 ref_phase_b= 6 ref_phase_c= -1
[  155.937308] [sar SX937x]: [INFO]<sx937x_parse_dt><1177>size of elements 67 
[  155.937310] [sar SX937x]: [INFO]<sx937x_parse_dt><1216>multi panels isn't supported
[  155.937313] [sar SX937x]: [INFO]<sx937x_parse_dt><1255>esd_reinit_on 1
[  155.937315] [sar SX937x]: [INFO]<sx937x_parse_dt><1256>-[574] parse_dt complete
[  155.937316] [sar SX937x]: [INFO]<sx937x_probe><1595>SX937x init_platform_hw done!
[  155.937465] [sar SX937x]: [INFO]<sx937x_probe><1607>with cap_vdd
[  155.937514] [sar SX937x]: [INFO]<sx937x_probe><1618>cap_vdd regulator is on
[  155.953027] [sar SX937x]: [INFO]<sx937x_Hardware_Check><255>sx937x idcode = 0x937527, failcode = 0x0
[  155.953030] [sar SX937x]: [INFO]<sx937x_probe><1650>SX937x initialize start!!
[  155.953090] [sar SX937x]: [INFO]<sx937x_init_platform_hw><1269>init_platform_hw start!
[  155.953470] input: Moto CapSense Ch0 as /devices/virtual/input/input4
[  155.953519] sensors_classdev_register,Moto CapSense Ch0
[  155.953566] Registered sensors device: Moto CapSense Ch0,ret = 0
[  155.953597] input: Moto CapSense Ch1 as /devices/virtual/input/input5
[  155.953620] sensors_classdev_register,Moto CapSense Ch1
[  155.953646] Registered sensors device: Moto CapSense Ch1,ret = 0
[  155.953672] input: Moto CapSense Ch2 as /devices/virtual/input/input6
[  155.953690] sensors_classdev_register,Moto CapSense Ch2
[  155.953717] Registered sensors device: Moto CapSense Ch2,ret = 0
[  155.953740] input: Moto CapSense Ch3 as /devices/virtual/input/input7
[  155.953757] sensors_classdev_register,Moto CapSense Ch3
[  155.953788] Registered sensors device: Moto CapSense Ch3,ret = 0
[  155.953811] input: Moto CapSense Ch4 as /devices/virtual/input/input8
[  155.953827] sensors_classdev_register,Moto CapSense Ch4
[  155.953854] Registered sensors device: Moto CapSense Ch4,ret = 0
[  155.953920] [sar SX937x]: [INFO]<sx93XX_IRQ_init><2085>registered with irq (249)
[  155.953922] [sar SX937x]: [INFO]<initialize><885>SX937x income initialize
[  155.954150] [sar SX937x]: [INFO]<initialize><897>Sent Software Reset. Waiting until device is back from reset to continue.
[  156.071363] [sar SX937x]: [INFO]<sx937x_probe><1807>sx937x_probe() Done
[  156.462978] tz_log_dlkm:[tzdbg_get_tz_version][1744]: tz diag version is 37765120
[  156.463003] tz_log 146aa720.tz-log: RM log address is not defined
[  156.463039] tz_log_dlkm:[tzdbg_query_encrypted_log][1778]: encrypted qseelog enabled is 0
[  156.842915] utags (utags_bootdevice_expand): path expanded to: /dev/block/platform/soc/1d84000.ufshc/by-name/utags(52)
[  156.842921] utags (utags_bootdevice_expand): path expanded to: /dev/block/platform/soc/1d84000.ufshc/by-name/utagsBackup(58)
[  156.843044] utags (utags_probe): Done [config]
[  156.843128] utags (utags_bootdevice_expand): path expanded to: /dev/block/platform/soc/1d84000.ufshc/by-name/hw(49)
[  156.843131] utags (utags_dt_init): backup storage path not provided
[  156.843234] utags (utags_probe): Done [hw]
[  157.040822] wcd937x_dlkm: Unknown symbol msm_cdc_get_power_supplies (err -2)
[  157.040875] wcd937x_dlkm: Unknown symbol msm_cdc_init_supplies (err -2)
[  157.040894] wcd937x_dlkm: Unknown symbol msm_cdc_enable_static_supplies (err -2)
[  157.040938] wcd937x_dlkm: Unknown symbol wcd_irq_init (err -2)
[  157.040958] wcd937x_dlkm: Unknown symbol wcd_request_irq (err -2)
[  157.040974] wcd937x_dlkm: Unknown symbol wcd_disable_irq (err -2)
[  157.040995] wcd937x_dlkm: Unknown symbol wcd_irq_exit (err -2)
[  157.041016] wcd937x_dlkm: Unknown symbol msm_cdc_pinctrl_get_state (err -2)
[  157.041035] wcd937x_dlkm: Unknown symbol msm_cdc_pinctrl_select_sleep_state (err -2)
[  157.041051] wcd937x_dlkm: Unknown symbol msm_cdc_pinctrl_select_active_state (err -2)
[  157.041103] wcd937x_dlkm: Unknown symbol wcd_cal_create_hwdep (err -2)
[  157.041121] wcd937x_dlkm: Unknown symbol wcd_cls_h_init (err -2)
[  157.041146] wcd937x_dlkm: Unknown symbol msm_cdc_enable_ondemand_supply (err -2)
[  157.041162] wcd937x_dlkm: Unknown symbol wcd_enable_irq (err -2)
[  157.041176] wcd937x_dlkm: Unknown symbol wcd_cls_h_fsm (err -2)
[  157.041203] wcd937x_dlkm: Unknown symbol msm_cdc_disable_ondemand_supply (err -2)
[  157.041254] wcd937x_dlkm: Unknown symbol wcdcal_get_fw_cal (err -2)
[  157.041272] wcd937x_dlkm: Unknown symbol wcd_free_irq (err -2)
[  157.170783] wcd938x_dlkm: Unknown symbol msm_cdc_get_power_supplies (err -2)
[  157.170834] wcd938x_dlkm: Unknown symbol msm_cdc_init_supplies (err -2)
[  157.170853] wcd938x_dlkm: Unknown symbol msm_cdc_enable_static_supplies (err -2)
[  157.170883] wcd938x_dlkm: Unknown symbol msm_cdc_pinctrl_get_state (err -2)
[  157.170901] wcd938x_dlkm: Unknown symbol msm_cdc_pinctrl_select_sleep_state (err -2)
[  157.170920] wcd938x_dlkm: Unknown symbol msm_cdc_pinctrl_select_active_state (err -2)
[  157.170959] wcd938x_dlkm: Unknown symbol wcd_irq_init (err -2)
[  157.170975] wcd938x_dlkm: Unknown symbol wcd_request_irq (err -2)
[  157.170990] wcd938x_dlkm: Unknown symbol wcd_disable_irq (err -2)
[  157.171008] wcd938x_dlkm: Unknown symbol wcd_irq_exit (err -2)
[  157.171025] wcd938x_dlkm: Unknown symbol wcd_free_irq (err -2)
[  157.171073] wcd938x_dlkm: Unknown symbol wcd_cal_create_hwdep (err -2)
[  157.171092] wcd938x_dlkm: Unknown symbol wcd_cls_h_init (err -2)
[  157.171117] wcd938x_dlkm: Unknown symbol msm_cdc_is_ondemand_supply (err -2)
[  157.171133] wcd938x_dlkm: Unknown symbol msm_cdc_enable_ondemand_supply (err -2)
[  157.171148] wcd938x_dlkm: Unknown symbol wcd_enable_irq (err -2)
[  157.171165] wcd938x_dlkm: Unknown symbol wcd_cls_h_fsm (err -2)
[  157.171180] wcd938x_dlkm: Unknown symbol wcd_clsh_set_hph_mode (err -2)
[  157.171212] wcd938x_dlkm: Unknown symbol msm_cdc_disable_ondemand_supply (err -2)
[  157.171231] wcd938x_dlkm: Unknown symbol msm_cdc_set_supplies_lpm_mode (err -2)
[  157.171278] wcd938x_dlkm: Unknown symbol wcdcal_get_fw_cal (err -2)
[  157.302181] spf-core-platform soc:spf_core_platform: Failed to create device link (0x180) with soc:vote_lpass_core_hw
[  157.302193] spf-core-platform soc:spf_core_platform: Failed to create device link (0x180) with soc:vote_lpass_core_hw
[  157.302197] spf-core-platform soc:spf_core_platform: Failed to create device link (0x180) with soc:vote_lpass_core_hw
[  157.302200] spf-core-platform soc:spf_core_platform: Failed to create device link (0x180) with soc:vote_lpass_core_hw
[  157.302358] spf-core-platform soc:spf_core_platform: Failed to create device link (0x180) with soc:vote_lpass_audio_hw
[  157.302364] spf-core-platform soc:spf_core_platform: Failed to create device link (0x180) with soc:vote_lpass_audio_hw
[  157.302367] spf-core-platform soc:spf_core_platform: Failed to create device link (0x180) with soc:vote_lpass_audio_hw
[  157.302371] spf-core-platform soc:spf_core_platform: Failed to create device link (0x180) with soc:vote_lpass_audio_hw
[  157.302374] spf-core-platform soc:spf_core_platform: Failed to create device link (0x180) with soc:vote_lpass_audio_hw
[  157.302377] spf-core-platform soc:spf_core_platform: Failed to create device link (0x180) with soc:vote_lpass_audio_hw
[  157.302532] spf-core-platform soc:spf_core_platform: Failed to create device link (0x180) with soc:va_core_clk
[  157.302645] spf-core-platform soc:spf_core_platform: Failed to create device link (0x180) with soc:wsa_core_clk
[  157.302740] spf-core-platform soc:spf_core_platform: Failed to create device link (0x180) with soc:wsa2_core_clk
[  157.302829] spf-core-platform soc:spf_core_platform: Failed to create device link (0x180) with soc:rx_core_clk
[  157.302919] spf-core-platform soc:spf_core_platform: Failed to create device link (0x180) with soc:rx_core_tx_clk
[  157.303012] spf-core-platform soc:spf_core_platform: Failed to create device link (0x180) with soc:tx_core_clk
[  157.303102] spf-core-platform soc:spf_core_platform: Failed to create device link (0x180) with soc:wsa_core_tx_clk
[  157.303192] spf-core-platform soc:spf_core_platform: Failed to create device link (0x180) with soc:wsa2_core_tx_clk
[  157.303278] spf-core-platform soc:spf_core_platform: Failed to create device link (0x180) with soc:rx_mclk2_2x_clk
